sample	cg19284211	cg02101773	cg09725195	cg07505725	cg06377152	cg03380643	cg13326227	cg00648301	cg11015038	cg00119117	cg06033738	cg09062550	cg07047570	cg07878514
TCGA-NH-A8F7-06A	0.04436	0.02759	0.08741	0.1069	0.01264	0.01136	0.01245	0.009269	0.01248	0.07183	0.04152	0.03	0.4345	0.06532
TCGA-NH-A6GC-06A														
TCGA-G4-6317-02A	0.2746	0.04005	0.08001	0.1485	0.01006	0.01087	0.01108	0.0076	0.01361	0.08219	0.04746	0.3948	0.1879	0.6257
TCGA-AZ-6599-11A	0.1838	0.08876	0.05731	0.1172	0.01572	0.01286	0.01312	0.01024	0.01602	0.06889	0.05809	0.03029	0.04369	0.3778
TCGA-AA-3655-11A	0.2363	0.09836	0.09698	0.1233	0.01222	0.01136	0.01263	0.009655	0.01853	0.09605	0.09014	0.0326	0.1337	0.4648
TCGA-AA-3525-11A														
TCGA-AZ-6603-11A														
TCGA-A6-2683-11A														
TCGA-AZ-6601-11A	0.2452	0.1105	0.05119	0.1086	0.01235	0.01371	0.01353	0.01124	0.01657	0.05717	0.04962	0.04535	0.1188	0.3754
TCGA-AZ-6600-11A	0.1811	0.06982	0.05894	0.1126	0.01394	0.01075	0.0117	0.0092	0.01435	0.09162	0.07897	0.03406	0.06181	0.4195
TCGA-A6-2671-11A	0.1915	0.09631	0.0618	0.1343	0.01295	0.01284	0.0141	0.01087	0.02061	0.07741	0.0517	0.03284	0.09747	0.3859
TCGA-F4-6704-11A														
TCGA-AA-3511-11A														
TCGA-AZ-6598-11A	0.2409	0.1063	0.05854	0.1032	0.01303	0.01069	0.01211	0.009552	0.01709	0.09369	0.06498	0.04893	0.1161	0.4259
TCGA-AA-3662-11A														
TCGA-A6-2682-11A	0.1978	0.08811	0.04704	0.09788	0.01392	0.01466	0.01533	0.009829	0.01833	0.07523	0.06482	0.0359	0.1061	0.3406
TCGA-AA-3660-11A	0.1994	0.07738	0.08451	0.1079	0.01164	0.0131	0.01269	0.009308	0.01432	0.08063	0.05652	0.04442	0.0989	0.4569
TCGA-AA-3712-11A	0.2056	0.1092	0.08081	0.08987	0.01217	0.01164	0.01432	0.009019	0.02064	0.08135	0.08372	0.02978	0.1006	0.4374
TCGA-A6-2678-11A														
TCGA-AA-3489-11A														
TCGA-AA-3697-11A	0.2266	0.07647	0.08375	0.1361	0.01262	0.01198	0.01211	0.009223	0.01413	0.08308	0.07877	0.02995	0.07306	0.4322
TCGA-AA-3713-11A	0.212	0.0921	0.07994	0.131	0.01324	0.01216	0.01252	0.008916	0.0154	0.08805	0.05554	0.03886	0.09224	0.3629
TCGA-AA-3514-11A														
TCGA-A6-2685-11A	0.1678	0.07292	0.06106	0.106	0.01285	0.01396	0.01579	0.008874	0.02137	0.06683	0.04277	0.03649	0.1075	0.4061
TCGA-AA-3520-11A														
TCGA-A6-5667-11A	0.1734	0.07192	0.07941	0.1091	0.01344	0.01144	0.01411	0.009099	0.01759	0.07654	0.05209	0.02995	0.0695	0.3336
TCGA-AA-3518-11A														
TCGA-A6-2684-11A	0.1378	0.06414	0.05501	0.1279	0.01219	0.01325	0.01387	0.009725	0.01638	0.07509	0.03695	0.02605	0.06452	0.4094
TCGA-AA-3663-11A	0.1699	0.05838	0.08312	0.1356	0.01544	0.01056	0.01371	0.009707	0.01626	0.08551	0.05174	0.0347	0.07974	0.3751
TCGA-A6-2686-11A	0.1857	0.08175	0.0503	0.1082	0.01296	0.01327	0.01491	0.009322	0.01916	0.06746	0.03798	0.04344	0.07093	0.3576
TCGA-A6-2679-11A	0.209	0.07372	0.06472	0.1049	0.01435	0.01395	0.01388	0.009501	0.02697	0.07493	0.04872	0.07306	0.1234	0.3501
TCGA-AA-3534-11A														
TCGA-AA-3522-11A														
TCGA-AA-3527-11A														
TCGA-AA-3531-11A														
TCGA-A6-5662-11A														
TCGA-A6-5665-11A														
TCGA-AA-3516-11A														
TCGA-AA-3496-11A														
TCGA-A6-5659-11A														
TCGA-A6-2680-11A	0.1659	0.06776	0.06747	0.1307	0.01071	0.01412	0.01415	0.01015	0.01688	0.07407	0.04612	0.04748	0.1252	0.3915
TCGA-AA-3517-11A														
TCGA-A6-2675-11A	0.1755	0.0926	0.06812	0.1902		0.01282	0.01311	0.0268	0.01292	0.4099	0.01901	0.05867	0.07319	0.4626
TCGA-AZ-6605-11A														
TCGA-G4-6625-11A	0.2322	0.1154	0.05518	0.1279	0.01337	0.01263	0.01315	0.01388	0.02015	0.07631	0.03872	0.0492	0.06653	0.4289
TCGA-G4-6322-11A	0.1843	0.07433	0.07256	0.1867	0.01092	0.01232	0.01454	0.008786	0.01552	0.08283	0.05537	0.02612	0.06056	0.3784
TCGA-G4-6302-11A	0.2574	0.07532	0.2598	0.3134	0.03965	0.01333	0.01388	0.04219	0.01851	0.08848	0.09427	0.04325	0.07971	0.4359
TCGA-G4-6311-11A	0.2199	0.1391	0.07314	0.1662	0.01307	0.01296	0.01514	0.01148	0.02076	0.08382	0.05961	0.06775	0.1261	0.4441
TCGA-AA-3492-11A	0.1851	0.0844	0.0651	0.08137	0.01482	0.01505	0.01564	0.008892	0.01982	0.08305	0.06384	0.03653	0.09641	0.4055
TCGA-G4-6320-11A	0.2004	0.09237	0.06877	0.1199	0.01182	0.01286	0.01219	0.008794	0.0165	0.07288	0.04244	0.04119	0.09936	0.3862
TCGA-A6-2681-11A	0.1289	0.06962	0.04406	0.1043	0.01272	0.01565	0.01349	0.009305	0.02191	0.0678	0.04901	0.02393	0.06281	0.3838
TCGA-AA-3488-11A	0.1815	0.09258	0.06804	0.1067	0.01441	0.0144	0.01704	0.01159	0.02537	0.06516	0.05586	0.05339	0.1129	0.3921
TCGA-G4-6295-11A	0.1333	0.08508	0.07659	0.1133	0.0116	0.01141	0.01127	0.008067	0.0122	0.06604	0.05187	0.02638	0.05073	0.3987
TCGA-AA-3502-11A	0.2092	0.08812	0.06556	0.08156	0.01564	0.01578	0.0143	0.009221	0.02561	0.09178	0.05152	0.05744	0.09693	0.3431
TCGA-G4-6297-11A	0.2173	0.1132	0.09193	0.1379	0.01143	0.013	0.01436	0.009969	0.01831	0.08141	0.04815	0.05299	0.07495	0.4033
TCGA-AA-3495-11A	0.162	0.09309	0.06058	0.1114	0.01276	0.0166	0.01665	0.0118	0.02133	0.07283	0.04196	0.03439	0.1073	0.4313
TCGA-G4-6314-11A	0.1824	0.1097	0.0918	0.108	0.0129	0.01257	0.01339	0.009661	0.01545	0.07225	0.06987	0.02452	0.06676	0.4289
TCGA-AA-3506-11A	0.18	0.06875	0.06408	0.1027	0.01355	0.01605	0.01601	0.01075	0.02352	0.08135	0.04416	0.04749	0.08562	0.4131
TCGA-AA-3509-11A	0.1839	0.05311	0.05689	0.0606	0.01315	0.01294	0.01742	0.008428	0.01971	0.0805	0.0403	0.0357	0.06893	0.3889
TCGA-G4-6298-11A	0.1729	0.09711	0.08601	0.0699	0.01493	0.01401	0.01275	0.01154	0.01945	0.08613	0.09387	0.03615	0.05031	0.407
TCGA-AA-3494-11A	0.1895	0.08762	0.05414	0.08023	0.01219	0.01466	0.01656	0.01044	0.01855	0.06384	0.06219	0.0333	0.1239	0.335
TCGA-AA-3510-11A	0.1758	0.08142	0.04108	0.1117	0.01248	0.01293	0.01211	0.01052	0.0151	0.09081	0.07949	0.0258	0.08472	0.3704
TCGA-A6-4107-11A	0.158	0.0825	0.06068	0.09548	0.01411	0.01306	0.01598	0.01125	0.02579	0.07265	0.06382	0.03473	0.07951	0.399
TCGA-A6-2672-11A														
TCGA-A6-2674-11A														
TCGA-A6-2676-11A														
TCGA-A6-2677-11A														
TCGA-A6-3807-11A														
TCGA-A6-3808-11A														
TCGA-A6-3809-11A														
TCGA-A6-3810-11A														
TCGA-A6-5657-11A														
TCGA-A6-5660-11A														
TCGA-A6-5661-11A														
TCGA-A6-5666-11A														
TCGA-AA-3519-11A														
TCGA-AA-3521-11A														
TCGA-AA-3524-11A														
TCGA-AA-3526-11A														
TCGA-AA-3529-11A														
TCGA-AA-3530-11A														
TCGA-AA-3532-11A														
TCGA-AA-A01P-11A														
TCGA-AA-A01R-11A														
TCGA-AA-A01S-11A														
TCGA-AA-A01T-11A														
TCGA-AA-A01V-11A														
TCGA-AA-A01X-11A														
TCGA-AA-A01Z-11A														
TCGA-AA-A022-11A														
TCGA-AA-A02O-11A														
TCGA-AA-A03F-11A														
TCGA-AA-A03J-11A														
TCGA-AZ-6606-11A														
TCGA-AZ-6607-11A														
TCGA-AZ-6608-11A														
TCGA-AA-A00J-01A														
TCGA-AA-3492-01A	0.7362	0.7003	0.2669	0.0796	0.01527	0.01607	0.02779	0.3757	0.01818	0.09861	0.04526	0.02706	0.1646	0.5774
TCGA-G4-6314-01A	0.1235	0.05909	0.09046	0.1109	0.01326	0.01326	0.01547	0.009808	0.1234	0.08869	0.07007	0.3954	0.2795	0.4105
TCGA-A6-6653-01A	0.8376	0.7083	0.4848	0.599	0.3838	0.3474	0.4451	0.3242	0.1811	0.1005	0.07414	0.7893	0.7819	0.8244
TCGA-CK-5913-01A	0.6685	0.6205	0.04875	0.1311	0.01408	0.0119	0.01492	0.01055	0.01781	0.07041	0.04216	0.02471	0.07665	0.256
TCGA-AD-6965-01A	0.3064	0.4774	0.1066	0.1123	0.01836	0.02012	0.5024	0.02374	0.02305	0.08955	0.05506	0.4644	0.4391	0.3051
TCGA-AA-3672-01A														
TCGA-AA-A00U-01A														
TCGA-AA-3815-01A														
TCGA-AA-3518-01A														
TCGA-AA-3555-01A														
TCGA-A6-5661-01A	0.6525	0.5712	0.3674	0.1201	0.01908	0.01388	0.01485	0.01498	0.01457	0.08942	0.04998	0.2811	0.6426	0.4026
TCGA-AA-A00E-01A														
TCGA-AD-6889-01A	0.8141	0.788	0.4868	0.5228	0.4083	0.3804	0.4546	0.4799	0.6213	0.7566	0.7972	0.8683	0.7988	0.8881
TCGA-AA-A02O-01A														
TCGA-A6-5665-01A	0.7692	0.5993	0.3959	0.6309	0.3625	0.3753	0.3736	0.3804	0.3711	0.4553	0.574	0.6086	0.4618	0.5624
TCGA-AA-3664-01A														
TCGA-AA-3514-01A														
TCGA-G4-6586-01A	0.6974	0.4795	0.3143	0.1129	0.01223	0.01223	0.01449	0.01202	0.01602	0.05334	0.04685	0.02969	0.3488	0.3279
TCGA-AA-A01R-01A														
TCGA-DM-A1HB-01A	0.6382	0.5968	0.4295	0.5793	0.4157	0.4051	0.4468	0.4458	0.5079	0.1724	0.06581	0.02478	0.05782	0.4811
TCGA-AA-3842-01A														
TCGA-AZ-6598-01A	0.7464	0.7552	0.04861	0.1176	0.01125	0.01066	0.01136	0.00782	0.01399	0.07452	0.03155	0.02113	0.02286	0.1197
TCGA-CM-6171-01A	0.7021	0.7104	0.06438	0.1189	0.01326	0.01158	0.01236	0.01024	0.01632	0.09123	0.03989	0.0269	0.04555	0.5789
TCGA-AZ-6601-01A	0.5315	0.4034	0.1905	0.1082	0.01194	0.01031	0.233	0.2517	0.3452	0.1258	0.06774	0.08371	0.3449	0.5498
TCGA-G4-6304-01A	0.1825	0.049	0.09145	0.1229	0.02037	0.02058	0.01718	0.01395	0.02312	0.07034	0.06032	0.3485	0.4028	0.2823
TCGA-AA-3848-01A														
TCGA-CK-6747-01A	0.2124	0.4519	0.09528	0.1334	0.01331	0.01393	0.01595	0.0118	0.02022	0.08885	0.06345	0.1951	0.1196	0.1369
TCGA-AA-3712-01A	0.2474	0.1848	0.08633	0.1471	0.01021	0.01143	0.01164	0.008952	0.07781	0.312	0.2538	0.3732	0.6049	0.395
TCGA-AA-3952-01A														
TCGA-AA-3527-01A														
TCGA-AD-A5EJ-01A	0.6336	0.5981	0.3897	0.1235	0.01338	0.0132	0.01508	0.01316	0.02023	0.0712	0.03798	0.4404	0.6657	0.7567
TCGA-G4-6299-01A	0.6227	0.5187	0.1541	0.1798	0.1078	0.2766	0.5212	0.5433	0.344	0.3896	0.1782	0.522	0.164	0.2681
TCGA-AA-3680-01A														
TCGA-AA-A03F-01A														
TCGA-AA-A01G-01A														
TCGA-AA-3531-01A														
TCGA-AA-3520-01A														
TCGA-AA-A01D-01A														
TCGA-5M-AATA-01A	0.4527	0.4316	0.09961	0.2333	0.3313	0.2486	0.4002	0.5447	0.4625	0.4698	0.2895	0.6828	0.4694	0.3585
TCGA-CM-4751-01A	0.4868	0.4482	0.4773	0.6749	0.4375	0.4366	0.5382	0.4929	0.4055	0.5049	0.3983	0.6401	0.526	0.6226
TCGA-AD-5900-01A	0.5954	0.6643	0.1003	0.1003	0.04839	0.01167	0.01409	0.08686	0.2175	0.07014	0.04717	0.1781	0.4104	0.6384
TCGA-G4-6295-01A	0.1291	0.04389	0.07639	0.112	0.01358	0.01352	0.01174	0.008817	0.02175	0.06508	0.06188	0.03706	0.05273	0.5636
TCGA-AZ-4615-01A	0.5279	0.4871	0.2722	0.3832	0.01752	0.07064	0.345	0.2962	0.4954	0.2071	0.08416	0.04748	0.2848	0.6343
TCGA-F4-6808-01A	0.4211	0.2123	0.1111	0.128	0.2036	0.1149	0.4411	0.3205	0.3719	0.4027	0.4093	0.7839	0.4831	0.3814
TCGA-AA-3660-01A	0.1166	0.06644	0.08432	0.1441	0.0111	0.02407	0.01362	0.01028	0.04472	0.1766	0.05298	0.6841	0.5624	0.7355
TCGA-AZ-4616-01A	0.2791	0.1565	0.1196	0.133	0.01547	0.01642	0.01578	0.008768	0.02232	0.08927	0.0527	0.03897	0.2318	0.5466
TCGA-D5-6539-01A	0.371	0.3415	0.1928	0.1288	0.01272	0.0122	0.01275	0.008389	0.05309	0.07437	0.03761	0.05583	0.2577	0.3219
TCGA-G4-6317-01A	0.1313	0.5012	0.07744	0.1441	0.01173	0.01359	0.0146	0.01138	0.01793	0.07087	0.04767	0.04475	0.03621	0.2776
TCGA-4T-AA8H-01A	0.5361	0.5577	0.06294	0.1048	0.01314	0.01122	0.02134	0.01087	0.01766	0.07338	0.02923	0.1525	0.2798	0.2119
TCGA-DM-A285-01A	0.3665	0.3795	0.06193	0.1509	0.01246	0.01323	0.1786	0.01077	0.02728	0.07789	0.09553	0.497	0.4651	0.5409
TCGA-AY-6197-01A	0.7088	0.585	0.2112	0.1916	0.01432	0.01161	0.01234	0.01522	0.0648	0.08276	0.06307	0.6659	0.4494	0.5333
TCGA-AA-3506-01A	0.5514	0.6208	0.05791	0.08127	0.01315	0.01123	0.01274	0.008844	0.01667	0.06176	0.0549	0.06364	0.05265	0.16
TCGA-AA-3949-01A														
TCGA-DM-A28F-01A	0.4456	0.2859	0.06128	0.1073	0.01136	0.01872	0.0736	0.01172	0.05575	0.09412	0.06099	0.5476	0.4224	0.4206
TCGA-CA-6717-01A	0.5274	0.4125	0.2173	0.1468	0.02227	0.08474	0.05538	0.05803	0.1738	0.1032	0.1003	0.2307	0.2078	0.4141
TCGA-DM-A28A-01A	0.7446	0.7995	0.07724	0.1461	0.01062	0.01075	0.01219	0.01239	0.01603	0.08986	0.03958	0.844	0.2533	0.2153
TCGA-QG-A5YW-01A	0.1137	0.05092	0.0666	0.1102	0.0165	0.01446	0.01482	0.0108	0.02072	0.08655	0.05138	0.0269	0.2261	0.4647
TCGA-AA-3524-01A														
TCGA-AZ-6606-01A	0.7297	0.6388	0.4467	0.1348	0.01541	0.01973	0.01647	0.01066	0.3713	0.3806	0.07563	0.7683	0.5166	0.5033
TCGA-AA-3989-01A														
TCGA-AA-3488-01A	0.4135	0.07435	0.07279	0.08332	0.01175	0.01459	0.01283	0.008316	0.02227	0.1878	0.06606	0.5242	0.656	0.4516
TCGA-AA-3855-01A														
TCGA-CM-4748-01A	0.5352	0.4453	0.2635	0.09836	0.01151	0.01312	0.02153	0.01079	0.01771	0.05179	0.03974	0.06623	0.1597	0.5385
TCGA-F4-6807-01A	0.1658	0.06874	0.09746	0.1367	0.01269	0.01188	0.0142	0.009825	0.02164	0.09654	0.05647	0.05475	0.1465	0.227
TCGA-AA-3534-01A														
TCGA-F4-6704-01A	0.4107	0.3193	0.0992	0.1179	0.01341	0.01545	0.01591	0.008562	0.02155	0.07696	0.06299	0.04257	0.1118	0.3725
TCGA-AA-3869-01A														
TCGA-D5-6538-01A	0.7679	0.8649	0.397	0.2169	0.01611	0.4202	0.738	0.7723	0.5905	0.1372	0.0299	0.02649	0.149	0.8801
TCGA-AA-A01T-01A														
TCGA-DM-A1DA-01A	0.8318	0.7964	0.07364	0.1238	0.3036	0.2845	0.3751	0.3618	0.4722	0.1019	0.08949	0.8927	0.8792	0.626
TCGA-CA-5256-01A	0.2341	0.03718	0.05328	0.07678	0.01375	0.009109	0.01413	0.009643	0.02806	0.08558	0.05181	0.2486	0.328	0.3085
TCGA-AA-3986-01A														
TCGA-AA-3543-01A														
TCGA-AA-A01S-01A														
TCGA-CM-6168-01A	0.4025	0.2366	0.07419	0.1389	0.01288	0.01707	0.04943	0.0129	0.07968	0.09643	0.08686	0.09134	0.2436	0.3504
TCGA-A6-6780-01A	0.2646	0.1819	0.0839	0.1152	0.01486	0.0163	0.01616	0.01192	0.01733	0.08516	0.06024	0.4825	0.5026	0.2122
TCGA-CA-5254-01A	0.7497	0.7534	0.6743	0.8095	0.6154	0.53	0.608	0.6633	0.6012	0.6647	0.7894	0.8604	0.7554	0.7256
TCGA-CK-5914-01A	0.1211	0.05689	0.04296	0.1809	0.01906	0.01201	0.01301	0.01156	0.02631	0.1139	0.08936	0.1504	0.4189	0.2145
TCGA-AA-3554-01A														
TCGA-AA-3696-01A														
TCGA-CM-5863-01A	0.2849	0.1391	0.101	0.1807	0.02089	0.02233	0.3035	0.03625	0.142	0.1285	0.09947	0.2966	0.2514	0.501
TCGA-D5-6931-01A	0.522	0.3757	0.407	0.5998	0.435	0.4074	0.5064	0.5085	0.5336	0.5284	0.4604	0.6268	0.4813	0.5176
TCGA-AY-A71X-01A	0.4552	0.3673	0.05881	0.08484	0.01589	0.02066	0.0626	0.01552	0.03056	0.08386	0.03772	0.6513	0.4565	0.2764
TCGA-DM-A28G-01A	0.3277	0.3681	0.3531	0.1219	0.01044	0.009937	0.01334	0.00788	0.03085	0.08149	0.07383	0.7008	0.3773	0.2463
TCGA-A6-6649-01A	0.6333	0.5283	0.4242	0.5609	0.327	0.3193	0.3717	0.374	0.01217	0.0787	0.05893	0.02687	0.05783	0.5463
TCGA-F4-6569-01A	0.4968	0.3847	0.06437	0.1171	0.01485	0.01513	0.02549	0.01479	0.2657	0.09342	0.06644	0.41	0.427	0.3926
TCGA-AA-3663-01A	0.7132	0.694	0.12	0.1951	0.01456	0.01093	0.01469	0.009749	0.01782	0.1075	0.03811	0.02562	0.5348	0.853
TCGA-AA-3526-01A														
TCGA-F4-6856-01A	0.2436	0.2464	0.119	0.1306	0.02244	0.01618	0.02043	0.01419	0.02601	0.07772	0.06893	0.2208	0.2583	0.7706
TCGA-AA-A00A-01A														
TCGA-AA-A010-01A														
TCGA-A6-5661-01B	0.7016	0.6835	0.5762	0.1834	0.03505	0.02018	0.03208	0.03128	0.0342	0.07722	0.0552	0.5016	0.5725	0.4644
TCGA-AA-3851-01A														
TCGA-CK-4952-01A	0.7178	0.7534	0.06892	0.1244	0.01146	0.01053	0.01135	0.00799	0.0133	0.06975	0.03462	0.01823	0.023	0.05033
TCGA-CM-5348-01A	0.515	0.5267	0.08787	0.1285	0.01056	0.01093	0.01763	0.007614	0.01515	0.07096	0.06281	0.07932	0.203	0.5991
TCGA-A6-2678-01A														
TCGA-NH-A50T-01A	0.2834	0.2862	0.09011	0.09647	0.01419	0.01802	0.1353	0.01023	0.055	0.07843	0.05845	0.5961	0.0998	0.4812
TCGA-A6-5665-01B	0.7088	0.717	0.3655	0.56	0.1917	0.1874	0.2949	0.185	0.2278	0.3797	0.4661	0.5997	0.4955	0.6962
TCGA-G4-6293-01A	0.4074	0.442	0.1054	0.08927	0.01332	0.01346	0.01311	0.008912	0.0147	0.08068	0.06738	0.3723	0.3125	0.6441
TCGA-AA-3872-01A														
TCGA-AA-3556-01A														
TCGA-G4-6309-01A	0.4213	0.4533	0.1021	0.1107	0.01213	0.0138	0.01382	0.007328	0.02972	0.115	0.04548	0.08581	0.2357	0.1418
TCGA-AA-3831-01A														
TCGA-AA-3542-01A														
TCGA-F4-6703-01A	0.2605	0.0969	0.1089	0.1366	0.01841	0.01938	0.01629	0.0105	0.02604	0.09325	0.08085	0.04228	0.1847	0.3976
TCGA-AA-3877-01A														
TCGA-AA-3684-01A														
TCGA-A6-6780-01B	0.2124	0.1095	0.03592	0.1063	0.03697	0.02076	0.03293	0.03211	0.02372	0.09415	0.04931	0.4223	0.5111	0.191
TCGA-D5-6920-01A	0.2345	0.2191	0.08467	0.117	0.02295	0.02273	0.02351	0.01468	0.0385	0.1029	0.06426	0.4043	0.517	0.4075
TCGA-D5-7000-01A	0.6945	0.6291	0.1068	0.11	0.02172	0.0263	0.01787	0.01551	0.02362	0.08173	0.04339	0.6784	0.6926	0.7595
TCGA-AZ-6600-01A	0.4611	0.2387	0.05374	0.1266	0.0103	0.01218	0.01234	0.009582	0.02516	0.08017	0.06561	0.5799	0.4973	0.5953
TCGA-AA-3950-01A														
TCGA-F4-6805-01A	0.2045	0.1093	0.0943	0.1382	0.01385	0.01519	0.01508	0.01248	0.02015	0.08628	0.06031	0.2529	0.3353	0.6425
TCGA-NH-A8F8-01A	0.5516	0.3596	0.3009	0.1354	0.03288	0.02416	0.3687	0.2152	0.1694	0.1569	0.352	0.6486	0.4996	0.2863
TCGA-CK-4947-01B	0.5883	0.4487	0.1249	0.1097	0.02109	0.2408	0.4245	0.009353	0.1605	0.1192	0.1878	0.7044	0.6384	0.5115
TCGA-G4-6306-01A	0.1763	0.04244	0.06252	0.1435	0.01397	0.01027	0.01453	0.01447	0.01855	0.08101	0.2031	0.0333	0.5303	0.8722
TCGA-AA-3715-01A														
TCGA-A6-2680-01A	0.09928	0.03194	0.04791	0.3231	0.0109	0.01165	0.01192	0.008065	0.02411	0.06775	0.05288	0.2471	0.6753	0.6657
TCGA-AA-3956-01A														
TCGA-D5-6927-01A	0.4143	0.1972	0.09494	0.1269	0.02328	0.02288	0.04309	0.09487	0.1198	0.2163	0.09282	0.3874	0.2318	0.4239
TCGA-AA-3552-01A														
TCGA-D5-6541-01A	0.3555	0.2592	0.09	0.1249	0.01264	0.01127	0.2461	0.1246	0.04167	0.1682	0.04691	0.138	0.2115	0.519
TCGA-AZ-4323-01A	0.2513	0.1363	0.1103	0.1421	0.01642	0.01489	0.01261	0.008667	0.01627	0.1056	0.0683	0.03497	0.1349	0.3126
TCGA-AA-3561-01A														
TCGA-DM-A0X9-01A	0.77	0.7564	0.3241	0.6535	0.4874	0.4398	0.527	0.3914	0.5372	0.5517	0.5028	0.8647	0.7591	0.5836
TCGA-AD-6890-01A	0.3986	0.3362	0.1239	0.1559	0.02405	0.2589	0.3785	0.02023	0.08	0.191	0.09403	0.6417	0.5589	0.6688
TCGA-D5-6932-01A	0.1934	0.04856	0.09324	0.1207	0.02216	0.02003	0.02079	0.01821	0.1338	0.1209	0.06894	0.1029	0.3615	0.1801
TCGA-AD-6899-01A	0.206	0.2102	0.09223	0.1086	0.02205	0.02211	0.01945	0.01279	0.02579	0.07989	0.0593	0.2447	0.1584	0.378
TCGA-CM-5860-01A	0.6473	0.4919	0.3077	0.1388	0.01278	0.01316	0.01649	0.01208	0.01968	0.0717	0.1136	0.64	0.6177	0.7126
TCGA-D5-6529-01A	0.541	0.3929	0.05969	0.1096	0.01712	0.01199	0.03151	0.01203	0.06016	0.07872	0.06384	0.4988	0.5688	0.5458
TCGA-AD-6964-01A	0.2552	0.05752	0.09906	0.1223	0.01825	0.01641	0.01633	0.01466	0.04952	0.09494	0.0842	0.1408	0.08399	0.3823
TCGA-AA-A00F-01A														
TCGA-AA-3875-01A														
TCGA-CM-6161-01A	0.344	0.1603	0.07596	0.09888	0.01055	0.01004	0.01347	0.007562	0.1504	0.08393	0.3338	0.7454	0.4175	0.5326
TCGA-3L-AA1B-01A	0.2662	0.4668	0.072	0.1102	0.01445	0.02484	0.02761	0.01178	0.03607	0.1151	0.08903	0.5819	0.5248	0.5121
TCGA-AA-3560-01A														
TCGA-AA-3845-01A														
TCGA-AA-A00Z-01A														
TCGA-DM-A1D4-01A	0.6534	0.6139	0.4032	0.1167	0.00987	0.009334	0.01082	0.006732	0.01764	0.1065	0.05288	0.8041	0.04142	0.1517
TCGA-AA-3710-01A														
TCGA-AA-3519-01A														
TCGA-CM-4744-01A	0.6803	0.6183	0.3566	0.2711	0.08373	0.1649	0.3408	0.2733	0.324	0.2239	0.1846	0.4662	0.4278	0.5028
TCGA-CK-4948-01B	0.1562	0.04564	0.05939	0.1203	0.01374	0.01294	0.4836	0.009498	0.01871	0.07257	0.05562	0.02605	0.07659	0.3794
TCGA-T9-A92H-01A	0.09472	0.03274	0.07824	0.1012	0.01402	0.0218	0.01784	0.01267	0.02606	0.09106	0.04723	0.09947	0.3864	0.4974
TCGA-A6-3808-01A														
TCGA-AA-3837-01A														
TCGA-G4-6321-01A	0.55	0.445	0.1385	0.2634	0.03213	0.07383	0.1375	0.09163	0.1265	0.1457	0.06997	0.04134	0.08576	0.3027
TCGA-CA-5255-01A	0.3724	0.2875	0.1049	0.1186	0.0123	0.01987	0.01583	0.01004	0.02062	0.07806	0.08583	0.03103	0.1518	0.3251
TCGA-AA-3532-01A														
TCGA-QG-A5YV-01A	0.1153	0.05202	0.09461	0.08139	0.02993	0.08587	0.3421	0.09099	0.02126	0.08462	0.04691	0.3584	0.5866	0.8337
TCGA-D5-6540-01A	0.6496	0.5896	0.06736	0.1328	0.01267	0.01001	0.0143	0.008427	0.01484	0.06603	0.054	0.02892	0.03343	0.1381
TCGA-AZ-6605-01A	0.2366	0.07022	0.1087	0.1265	0.01531	0.01944	0.01945	0.01157	0.02193	0.1372	0.06881	0.1076	0.08762	0.5473
TCGA-AA-3509-01A	0.1894	0.5989	0.1576	0.1177	0.01514	0.01679	0.01786	0.01329	0.02681	0.05819	0.04162	0.04275	0.4263	0.1896
TCGA-AY-6386-01A	0.4333	0.5544	0.2273	0.3378	0.1738	0.2332	0.3272	0.285	0.4033	0.2715	0.04927	0.682	0.6315	0.4641
TCGA-NH-A6GA-01A	0.6392	0.3398	0.0907	0.1355	0.01595	0.02915	0.02204	0.01802	0.024	0.07676	0.03929	0.1895	0.1909	0.7684
TCGA-DM-A282-01A	0.1739	0.2843	0.08505	0.1328	0.01736	0.01287	0.01185	0.009174	0.01669	0.07101	0.04968	0.4124	0.455	0.3515
TCGA-A6-5664-01A	0.3244	0.1358	0.2011	0.151	0.06635	0.07864	0.3064	0.2425	0.02277	0.1476	0.08068	0.3347	0.292	0.5612
TCGA-AY-A54L-01A	0.5166	0.5899	0.2094	0.2574	0.2075	0.261	0.4097	0.4553	0.02723	0.08207	0.03788	0.1209	0.2112	0.2752
TCGA-AA-A01I-01A														
TCGA-AA-3861-01A														
TCGA-AA-A01K-01A														
TCGA-AA-3529-01A														
TCGA-AA-3858-01A														
TCGA-CK-4950-01A	0.5002	0.4252	0.4256	0.1923	0.4831	0.2089	0.4953	0.3377	0.2273	0.1581	0.4107	0.5941	0.5502	0.6589
TCGA-CK-4951-01A	0.5688	0.5162	0.5028	0.5575	0.3055	0.3252	0.3355	0.286	0.318	0.3845	0.4097	0.5157	0.4141	0.5371
TCGA-A6-2686-01A	0.6443	0.6289	0.07182	0.1223	0.01372	0.01555	0.0141	0.009864	0.02397	0.07311	0.04078	0.04947	0.1971	0.7308
TCGA-F4-6463-01A	0.3687	0.3097	0.09728	0.1456	0.01228	0.01302	0.01399	0.009194	0.01879	0.08073	0.07535	0.5256	0.2099	0.7126
TCGA-5M-AAT5-01A	0.09091	0.03256	0.1597	0.1032	0.01276	0.01062	0.01112	0.01038	0.01606	0.08167	0.05769	0.03174	0.07577	0.2528
TCGA-AU-6004-01A	0.5088	0.395	0.1153	0.1496	0.01361	0.01428	0.435	0.1395	0.03214	0.07513	0.04091	0.0371	0.09378	0.6291
TCGA-AZ-4313-01A	0.3628	0.05129	0.04723	0.07111	0.01175	0.01141	0.01463	0.01245	0.01817	0.05904	0.04634	0.02984	0.1881	0.4031
TCGA-AA-3856-01A														
TCGA-AA-3818-01A														
TCGA-CM-6169-01A	0.265	0.06557	0.1042	0.08593	0.01944	0.02072	0.1049	0.02307	0.01799	0.06888	0.05918	0.3934	0.1444	0.1998
TCGA-A6-2683-01A														
TCGA-AA-3530-01A														
TCGA-AA-3947-01A														
TCGA-DM-A1D9-01A	0.1641	0.03824	0.06061	0.1083	0.0114	0.01305	0.01244	0.008107	0.03434	0.1118	0.06524	0.789	0.3967	0.2158
TCGA-A6-4107-01A	0.5647	0.5506	0.466	0.7138	0.3877	0.4084	0.4552	0.4152	0.4904	0.3319	0.386	0.8637	0.599	0.7545
TCGA-AA-3812-01A														
TCGA-AA-3870-01A														
TCGA-DM-A1D8-01A	0.5758	0.3587	0.06321	0.1147	0.009182	0.01025	0.01329	0.006743	0.07212	0.1251	0.0854	0.7515	0.5775	0.7444
TCGA-CM-6162-01A	0.176	0.04081	0.05778	0.1566	0.01515	0.01519	0.01519	0.01067	0.01689	0.07012	0.05864	0.2225	0.1392	0.456
TCGA-AA-3971-01A														
TCGA-AA-3867-01A														
TCGA-AD-6548-01A	0.3755	0.2762	0.1162	0.1159	0.01393	0.01639	0.03591	0.01709	0.02674	0.113	0.07226	0.6592	0.4762	0.5085
TCGA-NH-A50V-01A	0.5764	0.5225	0.06104	0.08398	0.01575	0.01789	0.01727	0.01332	0.01894	0.06291	0.05932	0.6036	0.5277	0.6077
TCGA-AA-A01V-01A														
TCGA-A6-3809-01A	0.5893	0.4843	0.5454	0.3436	0.1071	0.1097	0.3781	0.5778	0.6028	0.4157	0.4308	0.7213	0.4999	0.6624
TCGA-CK-5916-01A	0.5661	0.5763	0.05741	0.2017	0.01754	0.01192	0.01734	0.01696	0.01841	0.08227	0.07058	0.04338	0.5311	0.4821
TCGA-CM-6680-01A	0.1605	0.3573	0.1114	0.1272	0.0139	0.01259	0.01373	0.007663	0.01655	0.1033	0.05966	0.2286	0.4256	0.5783
TCGA-G4-6320-01A	0.7089	0.6771	0.4799	0.6203	0.3605	0.3251	0.4394	0.4194	0.465	0.3687	0.4121	0.8554	0.7109	0.7263
TCGA-A6-5660-01A	0.3021	0.2778	0.06777	0.1569	0.01982	0.01157	0.0139	0.01493	0.03197	0.1026	0.1532	0.3747	0.6306	0.7177
TCGA-AA-A02J-01A														
TCGA-AA-3549-01A														
TCGA-A6-A566-01A	0.5063	0.3783	0.4918	0.6584	0.4718	0.4498	0.5179	0.5078	0.4997	0.5222	0.5228	0.6703	0.5372	0.4548
TCGA-CK-5915-01A	0.7212	0.8811	0.4715	0.156	0.01308	0.01206	0.01477	0.01107	0.1492	0.1171	0.07936	0.9582	0.8633	0.5197
TCGA-AA-3976-01A														
TCGA-G4-6588-01A	0.6573	0.5822	0.05109	0.1066	0.01396	0.009817	0.01186	0.01134	0.01376	0.0684	0.04741	0.02739	0.0332	0.5947
TCGA-AA-3685-01A														
TCGA-QG-A5Z2-01A	0.6152	0.5349	0.09604	0.1343	0.01724	0.0144	0.01454	0.01169	0.01637	0.06664	0.04458	0.08967	0.1355	0.3834
TCGA-AA-3968-01A														
TCGA-A6-2681-01A	0.4148	0.1671	0.116	0.1396	0.01756	0.08112	0.4492	0.2169	0.1734	0.2755	0.05625	0.05781	0.2321	0.5733
TCGA-QG-A5YX-01A	0.06111	0.04761	0.07799	0.1236	0.01535	0.01733	0.01614	0.009648	0.01757	0.07212	0.03639	0.03818	0.4296	0.1469
TCGA-DM-A28K-01A	0.1229	0.09536	0.06959	0.1402	0.01382	0.01464	0.01454	0.01056	0.0161	0.08729	0.04706	0.02487	0.1532	0.491
TCGA-AA-3553-01A														
TCGA-AA-3562-01A														
TCGA-CM-6678-01A	0.1451	0.04972	0.09694	0.1268	0.01454	0.01551	0.01451	0.00935	0.02346	0.08388	0.06754	0.02806	0.08695	0.2843
TCGA-A6-5667-01A	0.1778	0.2777	0.09047	0.1194	0.01215	0.01212	0.0139	0.009272	0.06196	0.08906	0.1123	0.6504	0.4416	0.3918
TCGA-5M-AAT4-01A	0.4361	0.3027	0.08504	0.08384	0.01362	0.0246	0.2014	0.0146	0.01875	0.1174	0.04962	0.5867	0.5001	0.3548
TCGA-AA-3525-01A														
TCGA-AA-3982-01A														
TCGA-A6-2675-01A	0.1305	0.2669	0.07025	0.0919	0.01202	0.01216	0.01608	0.01065	0.01833	0.106	0.06785	0.1288	0.4	0.336
TCGA-CM-4750-01A	0.2791	0.06453	0.07283	0.1271	0.01409	0.01284	0.02405	0.009046	0.08025	0.1033	0.05534	0.443	0.4861	0.7154
TCGA-AA-3860-01A														
TCGA-G4-6626-01A	0.236	0.05412	0.0754	0.1065	0.01063	0.01491	0.01042	0.009461	0.1112	0.09569	0.06084	0.2895	0.2393	0.3801
TCGA-A6-2685-01A	0.1391	0.0399	0.07925	0.1231	0.01459	0.01551	0.01596	0.01012	0.02199	0.08033	0.05022	0.05008	0.09236	0.3766
TCGA-A6-2684-01C	0.1618	0.05751	0.04093	0.1234	0.04585	0.02365	0.0333	0.03896	0.02203	0.06593	0.06093	0.3285	0.4071	0.4998
TCGA-A6-6782-01A	0.2918	0.2941	0.1062	0.08802	0.01098	0.0132	0.01419	0.00895	0.073	0.1153	0.0418	0.2673	0.4529	0.6817
TCGA-A6-4105-01A	0.7172	0.6714	0.5629	0.8037	0.5876	0.4735	0.5487	0.5817	0.5291	0.5894	0.5999	0.8493	0.7264	0.8028
TCGA-AA-3955-01A														
TCGA-AA-A02Y-01A														
TCGA-G4-6625-01A	0.6241	0.2823	0.1065	0.1154	0.0159	0.01489	0.0127	0.00935	0.1226	0.0663	0.2426	0.5739	0.2314	0.7551
TCGA-AA-3966-01A														
TCGA-AA-3681-01A														
TCGA-A6-6650-01A	0.2667	0.03288	0.05042	0.1316	0.01534	0.01341	0.01654	0.01496	0.0448	0.3225	0.04956	0.1706	0.03267	0.461
TCGA-AA-3852-01A														
TCGA-AA-3666-01A														
TCGA-AA-3516-01A														
TCGA-D5-6534-01A	0.3762	0.2238	0.06337	0.1079	0.01877	0.01683	0.01992	0.0134	0.03503	0.1133	0.095	0.08097	0.1227	0.4921
TCGA-AA-A00K-01A														
TCGA-AD-6888-01A	0.2453	0.05386	0.09506	0.1356	0.03132	0.01796	0.02457	0.01396	0.02381	0.1205	0.0786	0.06938	0.07274	0.1728
TCGA-D5-5539-01A	0.3435	0.3079	0.04863	0.1147	0.01596	0.01138	0.01464	0.008136	0.01311	0.0986	0.05757	0.6353	0.4274	0.5429
TCGA-A6-6654-01A	0.2959	0.08857	0.1178	0.1051	0.01548	0.02981	0.02742	0.008654	0.04399	0.1279	0.1325	0.5394	0.4893	0.4609
TCGA-AA-A01C-01A														
TCGA-AA-3941-01A														
TCGA-CM-4752-01A	0.2491	0.1731	0.1146	0.09615	0.01371	0.01485	0.1637	0.0295	0.1883	0.2725	0.175	0.6024	0.4179	0.5209
TCGA-AA-A02E-01A														
TCGA-A6-2682-01A	0.1244	0.07227	0.04632	0.0656	0.01271	0.01253	0.01418	0.01029	0.03059	0.08009	0.05719	0.02773	0.2918	0.3015
TCGA-A6-2676-01A														
TCGA-AY-4071-01A														
TCGA-AA-3821-01A														
TCGA-A6-6650-01B	0.1794	0.04512	0.05024	0.09725	0.01947	0.02033	0.02815	0.02609	0.2447	0.3787	0.09452	0.2712	0.04984	0.3888
TCGA-A6-2672-01A														
TCGA-AA-3811-01A														
TCGA-D5-6928-01A	0.5053	0.3508	0.1185	0.09078	0.04243	0.2283	0.3638	0.3888	0.06081	0.08828	0.102	0.1311	0.1963	0.3748
TCGA-A6-3810-01B	0.1567	0.06265	0.06755	0.1169	0.02042	0.0242	0.02072	0.01836	0.02303	0.09967	0.04281	0.2816	0.1334	0.3967
TCGA-CM-5344-01A	0.09592	0.03438	0.05795	0.1442	0.01357	0.009443	0.01215	0.008835	0.01374	0.05411	0.04878	0.03294	0.2943	0.2385
TCGA-AY-5543-01A	0.1806	0.05904	0.04326	0.1294	0.0155	0.01245	0.01462	0.01015	0.01598	0.07691	0.06473	0.3652	0.09028	0.2206
TCGA-AY-4070-01A														
TCGA-CM-6163-01A	0.2134	0.1243	0.08598	0.1249	0.0121	0.01209	0.01349	0.008041	0.0175	0.0768	0.0514	0.4647	0.4376	0.4815
TCGA-D5-6535-01A	0.2099	0.07495	0.09216	0.1584	0.01452	0.04478	0.0935	0.01097	0.2255	0.2485	0.3818	0.4996	0.6572	0.649
TCGA-A6-5659-01A	0.6903	0.7629	0.3855	0.09958	0.01394	0.01364	0.01265	0.01258	0.01667	0.08754	0.0613	0.8984	0.7707	0.4186
TCGA-AA-3814-01A														
TCGA-NH-A5IV-01A	0.4491	0.09946	0.07082	0.09693	0.0183	0.01684	0.02207	0.2818	0.02179	0.1335	0.2142	0.6448	0.05956	0.5325
TCGA-D5-6537-01A	0.1139	0.0326	0.06414	0.1359	0.0123	0.01077	0.01426	0.008903	0.01364	0.05584	0.041	0.5607	0.4378	0.148
TCGA-D5-6929-01A	0.2802	0.06598	0.09045	0.1041	0.02165	0.03256	0.01674	0.01383	0.0341	0.1129	0.08119	0.3223	0.4405	0.4929
TCGA-A6-6137-01A	0.1202	0.289	0.06366	0.1165	0.013	0.01367	0.01284	0.008554	0.02999	0.05822	0.05291	0.08845	0.2067	0.312
TCGA-F4-6854-01A	0.5744	0.4409	0.208	0.1345	0.02154	0.01624	0.02081	0.01489	0.02773	0.08284	0.06387	0.04841	0.06523	0.2344
TCGA-AY-A69D-01A	0.3725	0.2881	0.06588	0.07966	0.01512	0.02067	0.01667	0.0119	0.02398	0.1389	0.08549	0.5239	0.4398	0.8112
TCGA-AA-3854-01A														
TCGA-AA-3538-01A														
TCGA-G4-6628-01A	0.556	0.4722	0.501	0.6827	0.4028	0.3734	0.4722	0.471	0.465	0.5364	0.529	0.6558	0.5365	0.7102
TCGA-CM-5349-01A	0.1725	0.1216	0.08117	0.09229	0.01063	0.01108	0.4321	0.008866	0.01848	0.06971	0.0674	0.06144	0.09854	0.3318
TCGA-AA-A02W-01A														
TCGA-G4-6322-01A	0.7449	0.5049	0.2374	0.07396	0.01233	0.0115	0.02034	0.008738	0.04218	0.1918	0.05615	0.03891	0.07834	0.5449
TCGA-CM-6170-01A	0.1221	0.1244	0.06038	0.1126	0.01656	0.01197	0.01678	0.01468	0.01675	0.07429	0.04051	0.02408	0.06334	0.7431
TCGA-AA-3819-01A														
TCGA-D5-6531-01A	0.7415	0.7687	0.6693	0.8223	0.5553	0.508	0.6278	0.6097	0.5776	0.6565	0.7591	0.8535	0.7659	0.7661
TCGA-AU-3779-01A	0.1266	0.05738	0.06686	0.1236	0.01279	0.009279	0.01424	0.00974	0.0136	0.06746	0.0503	0.235	0.03215	0.4208
TCGA-CA-6718-01A	0.4968	0.4007	0.1104	0.1367	0.01536	0.01871	0.01788	0.009352	0.01878	0.08604	0.06812	0.04273	0.2043	0.6462
TCGA-AZ-4308-01A	0.365	0.07504	0.06652	0.1438	0.01297	0.01969	0.03733	0.01131	0.0347	0.1396	0.08514	0.1249	0.302	0.1325
TCGA-AA-3662-01A	0.409	0.3877	0.4309	0.1485	0.1403	0.3139	0.5062	0.4154	0.03495	0.1989	0.0728	0.1448	0.03191	0.7416
TCGA-G4-6627-01A	0.3412	0.2917	0.3422	0.4759	0.1198	0.1851	0.4344	0.3425	0.3654	0.3122	0.2187	0.599	0.4318	0.5787
TCGA-AA-3862-01A														
TCGA-AA-3489-01A	0.2887	0.07276	0.1045	0.1237	0.01147	0.01253	0.01622	0.007827	0.01774	0.07265	0.07062	0.1403	0.3043	0.3557
TCGA-AA-3679-01A														
TCGA-CM-5868-01A	0.1977	0.05365	0.07127	0.1442	0.01329	0.01533	0.4262	0.02026	0.02983	0.07578	0.1016	0.2746	0.4125	0.5611
TCGA-AA-3930-01A														
TCGA-AA-A024-01A														
TCGA-AA-3850-01A														
TCGA-D5-6924-01A	0.1454	0.05363	0.0921	0.0878	0.01699	0.01597	0.01614	0.01375	0.1663	0.06699	0.0634	0.0517	0.06695	0.4429
TCGA-5M-AAT6-01A	0.1585	0.05731	0.07107	0.06654	0.01371	0.01144	0.01556	0.01037	0.01604	0.08339	0.0615	0.11	0.3542	0.4874
TCGA-AA-A03J-01A														
TCGA-A6-5656-01B	0.2156	0.4496	0.04991	0.1332	0.05058	0.03136	0.04543	0.059	0.03845	0.0641	0.502	0.8684	0.5061	0.3257
TCGA-AA-3548-01A														
TCGA-NH-A6GB-01A	0.3218	0.05813	0.06386	0.1098	0.01579	0.02089	0.01556	0.0116	0.0243	0.1358	0.2898	0.5851	0.4046	0.8085
TCGA-AA-A00N-01A														
TCGA-CM-5341-01A	0.3247	0.3356	0.06851	0.1215	0.0124	0.01663	0.02544	0.01331	0.3981	0.3682	0.06213	0.4235	0.3661	0.6738
TCGA-DM-A280-01A	0.2385	0.1338	0.06149	0.1321	0.01177	0.01156	0.01299	0.00932	0.01762	0.07144	0.06338	0.05152	0.09801	0.3722
TCGA-DM-A1HA-01A	0.4636	0.873	0.074	0.1093	0.009956	0.01234	0.009548	0.006242	0.01177	0.06603	0.03198	0.01806	0.01824	0.07102
TCGA-WS-AB45-01A	0.3145	0.1853	0.2721	0.4759	0.02199	0.387	0.4401	0.37	0.42	0.3678	0.2599	0.4602	0.3205	0.425
TCGA-A6-6651-01A	0.1923	0.05264	0.08693	0.1303	0.01432	0.011	0.01367	0.009165	0.01525	0.08899	0.07703	0.2735	0.1358	0.3784
TCGA-A6-2684-01A	0.1209	0.04195	0.05827	0.09833	0.01388	0.01669	0.01632	0.01135	0.02085	0.07166	0.05118	0.06909	0.3289	0.4898
TCGA-G4-6323-01A	0.4498	0.4729	0.1088	0.126	0.01636	0.01168	0.01354	0.008819	0.02363	0.09199	0.08062	0.6911	0.5439	0.5393
TCGA-A6-2672-01B	0.6778	0.5926	0.2135	0.1551	0.02257	0.03942	0.275	0.2628	0.127	0.3567	0.1254	0.6215	0.6449	0.3277
TCGA-AY-6196-01A	0.5059	0.4052	0.08296	0.08782	0.01434	0.01139	0.01234	0.008603	0.01737	0.07753	0.07902	0.03307	0.0869	0.2706
TCGA-AA-3972-01A														
TCGA-D5-6536-01A	0.2234	0.2977	0.1027	0.1298	0.03424	0.01352	0.01242	0.03397	0.02236	0.086	0.5407	0.09006	0.03906	0.4451
TCGA-AD-A5EK-01A	0.2028	0.06735	0.0827	0.1087	0.01272	0.02737	0.01385	0.007647	0.01546	0.08553	0.06508	0.7841	0.3978	0.6917
TCGA-AA-A00R-01A														
TCGA-AA-3517-01A														
TCGA-G4-6302-01A	0.3346	0.2095	0.08312	0.1221	0.01217	0.01434	0.01216	0.01062	0.02085	0.0858	0.06826	0.1091	0.1098	0.5171
TCGA-AZ-4684-01A	0.09445	0.04101	0.06214	0.1102	0.01424	0.01423	0.01389	0.009585	0.03332	0.07522	0.04468	0.135	0.3407	0.2477
TCGA-AD-6901-01A	0.4601	0.2925	0.06797	0.08221	0.0116	0.008744	0.01205	0.007883	0.02287	0.06061	0.06072	0.5086	0.1064	0.4789
TCGA-AA-3844-01A														
TCGA-AA-3846-01A														
TCGA-D5-5537-01A	0.5046	0.4388	0.1129	0.1103	0.01836	0.01905	0.01657	0.01481	0.1508	0.1319	0.0839	0.528	0.5068	0.1734
TCGA-F4-6460-01A	0.2316	0.1237	0.07908	0.1132	0.01062	0.009861	0.01106	0.009326	0.01923	0.09054	0.07539	0.3919	0.3746	0.5797
TCGA-AA-A01X-01A														
TCGA-D5-5541-01A	0.1794	0.2367	0.08566	0.1408	0.01416	0.01179	0.01463	0.009795	0.02534	0.1119	0.05728	0.2992	0.3556	0.4541
TCGA-CM-6167-01A	0.2623	0.128	0.0785	0.1473	0.01227	0.01403	0.01371	0.008264	0.02064	0.08432	0.09881	0.4497	0.2953	0.5028
TCGA-D5-5538-01A	0.469	0.3734	0.1089	0.2034	0.01409	0.01854	0.01275	0.01096	0.01717	0.05394	0.07722	0.4262	0.2055	0.7208
TCGA-AZ-5403-01A	0.1633	0.05195	0.07861	0.1315	0.01586	0.01122	0.01423	0.009217	0.01802	0.06634	0.1032	0.2298	0.104	0.4524
TCGA-AA-3980-01A														
TCGA-AA-A00O-01A														
TCGA-CM-6172-01A	0.1937	0.06246	0.07681	0.1253	0.01397	0.01182	0.0155	0.008861	0.0194	0.09646	0.04966	0.5361	0.4089	0.5035
TCGA-AA-3984-01A														
TCGA-A6-6140-01A	0.1942	0.05356	0.05083	0.1431	0.0112	0.0109	0.01137	0.008024	0.01596	0.06394	0.06596	0.3472	0.2495	0.1005
TCGA-F4-6459-01A	0.3313	0.2726	0.05781	0.1259	0.01223	0.01471	0.0126	0.01009	0.01877	0.102	0.06405	0.125	0.2261	0.6658
TCGA-A6-2674-01A														
TCGA-AA-3692-01A														
TCGA-G4-6310-01A	0.3393	0.5238	0.08049	0.1149	0.01138	0.01222	0.01723	0.01081	0.05126	0.1098	0.09334	0.3123	0.2807	0.3421
TCGA-CM-5861-01A	0.6828	0.6405	0.4861	0.6285	0.2987	0.3554	0.3803	0.47	0.02242	0.1174	0.04623	0.05322	0.102	0.4238
TCGA-AA-3713-01A	0.4948	0.4755	0.3582	0.09859	0.01827	0.01531	0.2665	0.4668	0.1919	0.07819	0.07115	0.08205	0.1457	0.4539
TCGA-A6-2677-01B	0.33	0.3638	0.05536	0.2156	0.02757	0.03916	0.2702	0.1634	0.253	0.08723	0.04785	0.1343	0.3989	0.3132
TCGA-A6-6648-01A	0.1352	0.05151	0.05719	0.09853	0.01363	0.01152	0.01193	0.008914	0.01784	0.0646	0.04513	0.02257	0.06027	0.5115
TCGA-AD-6963-01A	0.147	0.03786	0.09326	0.1266	0.01779	0.02137	0.01722	0.01431	0.03017	0.06851	0.06966	0.0806	0.1518	0.3776
TCGA-AA-3673-01A														
TCGA-DM-A1D7-01A	0.1308	0.03121	0.06348	0.1242	0.00994	0.01135	0.0125	0.008541	0.01558	0.07003	0.04581	0.3403	0.2547	0.288
TCGA-A6-A565-01A	0.1928	0.09508	0.05899	0.1426	0.01341	0.01499	0.01691	0.009919	0.01737	0.07758	0.05668	0.0545	0.1372	0.3421
TCGA-F4-6806-01A	0.5327	0.4239	0.294	0.5116	0.2353	0.3529	0.4564	0.3542	0.09092	0.2998	0.04036	0.4434	0.5001	0.476
TCGA-CM-5862-01A	0.2844	0.3425	0.1826	0.1171	0.1139	0.02757	0.01993	0.01984	0.1509	0.1727	0.07244	0.5523	0.5664	0.5619
TCGA-F4-6855-01A	0.1228	0.04613	0.1047	0.102	0.02124	0.02055	0.01807	0.01399	0.02371	0.08131	0.053	0.4275	0.4401	0.3386
TCGA-NH-A50U-01A	0.6902	0.3393	0.0597	0.08471	0.0153	0.0191	0.01528	0.01584	0.01765	0.063	0.03536	0.2196	0.6426	0.8671
TCGA-AA-3697-01A	0.1474	0.04538	0.2837	0.1066	0.2168	0.2955	0.2129	0.185	0.07938	0.0746	0.1385	0.1361	0.06848	0.6678
TCGA-AZ-6607-01A	0.4726	0.2749	0.201	0.2989	0.1973	0.3083	0.5135	0.3433	0.2124	0.2634	0.1394	0.3663	0.2182	0.4198
TCGA-A6-6141-01A	0.3953	0.307	0.06347	0.1339	0.01282	0.01118	0.01277	0.01055	0.0183	0.06381	0.05916	0.03911	0.09048	0.5417
TCGA-A6-6142-01A	0.4131	0.0266	0.07053	0.129	0.01281	0.01555	0.05396	0.008457	0.0354	0.0978	0.1551	0.06489	0.3586	0.3205
TCGA-CM-6674-01A	0.3011	0.1151	0.08859	0.1204	0.01594	0.01729	0.01591	0.01023	0.01884	0.08245	0.07398	0.03689	0.08832	0.5528
TCGA-F4-6461-01A	0.6442	0.4993	0.2026	0.4103	0.2602	0.2616	0.3083	0.2981	0.362	0.4325	0.4958	0.5842	0.4512	0.5996
TCGA-G4-6315-01A	0.1463	0.06202	0.08189	0.08809	0.01127	0.009192	0.01085	0.008878	0.02392	0.08902	0.04652	0.4231	0.2177	0.3457
TCGA-AA-3655-01A	0.3228	0.3131	0.08009	0.1647	0.01309	0.01211	0.01444	0.009959	0.4001	0.1508	0.04391	0.04964	0.7662	0.3118
TCGA-CA-6719-01A	0.717	0.7011	0.1571	0.09511	0.01134	0.01458	0.01289	0.008746	0.01791	0.09177	0.05568	0.756	0.7271	0.5895
TCGA-F4-6570-01A	0.694	0.6066	0.6027	0.7985	0.52	0.4521	0.4775	0.5282	0.5337	0.6108	0.7405	0.8471	0.6383	0.8009
TCGA-DM-A28C-01A	0.08257	0.4075	0.07067	0.1152	0.009999	0.01373	0.01467	0.009996	0.1052	0.1098	0.04222	0.04121	0.455	0.5384
TCGA-SS-A7HO-01A	0.4523	0.04621	0.4391	0.1249	0.02	0.03409	0.5149	0.6224	0.655	0.1183	0.4055	0.5769	0.03583	0.6897
TCGA-AA-3511-01A	0.5406	0.04158	0.1085	0.1065	0.01757	0.03238	0.01141	0.00797	0.05679	0.1052	0.07714	0.05259	0.2149	0.3851
TCGA-AM-5820-01A	0.1882	0.05704	0.07381	0.1377	0.01674	0.01548	0.01819	0.01081	0.0462	0.09351	0.05687	0.8635	0.6294	0.1894
TCGA-AA-3675-01A														
TCGA-AZ-6608-01A	0.1027	0.0379	0.1061	0.1294	0.01339	0.01289	0.01325	0.007048	0.01616	0.09638	0.05615	0.0459	0.3692	0.2861
TCGA-AZ-4682-01B	0.08554	0.4604	0.05732	0.07529	0.01298	0.01163	0.01386	0.01057	0.01342	0.0712	0.05883	0.8141	0.2737	0.1479
TCGA-CM-6675-01A	0.7715	0.8115	0.5287	0.6166	0.4628	0.4762	0.746	0.7777	0.5009	0.5898	0.8276	0.8884	0.8584	0.6477
TCGA-F4-6809-01A	0.3083	0.08787	0.1001	0.1429	0.01466	0.01447	0.01807	0.04146	0.02853	0.1262	0.2074	0.5308	0.1668	0.6159
TCGA-AA-A02K-01A														
TCGA-A6-3810-01A	0.2162	0.04312	0.06174	0.1049	0.01337	0.01454	0.01577	0.0101	0.02656	0.07039	0.05787	0.4949	0.1908	0.4259
TCGA-DM-A28H-01A	0.4887	0.4272	0.07812	0.1057	0.01028	0.009941	0.01513	0.009293	0.03038	0.08048	0.1243	0.8418	0.5088	0.1529
TCGA-CA-6715-01A	0.2629	0.0336	0.1053	0.1592	0.01483	0.01416	0.01416	0.007917	0.01651	0.09601	0.05872	0.5553	0.09306	0.3792
TCGA-AZ-6603-01A	0.2075	0.1306	0.0847	0.09751	0.0109	0.01099	0.01274	0.008114	0.01808	0.1119	0.04872	0.3622	0.5685	0.4492
TCGA-QG-A5Z1-01A	0.4943	0.3566	0.09123	0.3113	0.3255	0.2442	0.5237	0.4775	0.2156	0.1229	0.1908	0.7844	0.3642	0.4553
TCGA-DM-A0XF-01A	0.1517	0.07539	0.05968	0.122	0.01274	0.01094	0.02552	0.0102	0.05362	0.0656	0.08711	0.07516	0.07193	0.3925
TCGA-D5-6923-01A	0.1535	0.04386	0.08876	0.1214	0.02196	0.01823	0.01828	0.01606	0.02706	0.07653	0.04815	0.0837	0.07467	0.5493
TCGA-G4-6307-01A	0.1832	0.3528	0.1021	0.1025	0.01066	0.01081	0.01151	0.008427	0.01632	0.08322	0.05028	0.2119	0.5977	0.362
TCGA-DM-A1DB-01A	0.09973	0.1392	0.0786	0.1027	0.01108	0.02158	0.01219	0.01003	0.05264	0.4032	0.05028	0.1418	0.03481	0.5325
TCGA-AA-A022-01A														
TCGA-NH-A6GC-01A	0.4855	0.3686	0.07947	0.1163	0.011	0.01003	0.01125	0.009913	0.01385	0.07998	0.03143	0.02181	0.1319	0.4173
TCGA-AD-6895-01A	0.6088	0.4626	0.3178	0.4888	0.3037	0.3363	0.414	0.3816	0.1349	0.1043	0.075	0.04678	0.0743	0.3352
TCGA-A6-5659-01B	0.8429	0.9165	0.3796	0.08589	0.02735	0.0204	0.03146	0.03414	0.02225	0.1896	0.05233	0.9606	0.9106	0.472
TCGA-A6-5662-01A	0.4219	0.245	0.1352	0.1669	0.03774	0.01259	0.2993	0.01259	0.0173	0.1246	0.06775	0.06563	0.04029	0.1976
TCGA-AA-A02R-01A														
TCGA-A6-2671-01A	0.1581	0.04227	0.05978	0.09707	0.01114	0.01032	0.01551	0.008544	0.02628	0.07147	0.04492	0.07031	0.3383	0.1925
TCGA-AA-3841-01A														
TCGA-AA-3975-01A														
TCGA-A6-2679-01A	0.131	0.05077	0.06274	0.07623	0.01278	0.02212	0.1002	0.07835	0.02845	0.07996	0.3664	0.7809	0.6998	0.7746
TCGA-D5-6930-01A	0.5628	0.4351	0.127	0.08692	0.02083	0.01908	0.01936	0.01451	0.02758	0.07939	0.05243	0.06056	0.06206	0.529
TCGA-A6-2674-01B														
TCGA-AA-3833-01A														
TCGA-AA-3667-01A														
TCGA-DM-A1D6-01A	0.3363	0.05714	0.04699	0.139	0.01014	0.009184	0.01204	0.009908	0.01429	0.06151	0.03529	0.02498	0.03693	0.3565
TCGA-AA-A00D-01A														
TCGA-CM-4747-01A	0.5459	0.5449	0.07824	0.1216	0.01258	0.01659	0.01372	0.01014	0.04195	0.1391	0.1097	0.7226	0.7	0.6751
TCGA-AA-A004-01A														
TCGA-CK-6748-01A	0.1083	0.04478	0.08572	0.16	0.0164	0.01369	0.01903	0.00907	0.01533	0.08017	0.04428	0.6311	0.04219	0.1984
TCGA-AA-3973-01A														
TCGA-A6-5657-01A	0.445	0.3283	0.1969	0.1388	0.01432	0.01472	0.01796	0.01076	0.02679	0.08495	0.1074	0.5292	0.4288	0.4625
TCGA-AA-3688-01A														
TCGA-AA-3544-01A														
TCGA-AZ-4614-01A	0.7671	0.7728	0.1075	0.0931	0.01207	0.01534	0.1821	0.01021	0.0904	0.06959	0.0709	0.1136	0.2553	0.1201
TCGA-AA-A01Q-01A														
TCGA-CM-4746-01A	0.2504	0.2875	0.05704	0.1071	0.01663	0.01982	0.01688	0.01102	0.02422	0.06789	0.0628	0.4541	0.4066	0.5235
TCGA-A6-6781-01B	0.2974	0.06703	0.04598	0.1456	0.07161	0.03526	0.05104	0.06888	0.03972	0.1004	0.07852	0.07823	0.1066	0.4975
TCGA-AA-3502-01A	0.4743	0.338	0.06983	0.09672	0.01621	0.01316	0.01555	0.01062	0.01801	0.07199	0.03495	0.5096	0.4721	0.8305
TCGA-A6-6138-01A	0.4174	0.06005	0.05942	0.2294	0.02864	0.3686	0.4031	0.4288	0.502	0.2075	0.07888	0.5895	0.5567	0.7817
TCGA-AA-3510-01A	0.1505	0.04044	0.04591	0.1166	0.009998	0.01508	0.01571	0.00906	0.03639	0.07185	0.05048	0.06042	0.298	0.1165
TCGA-AA-3678-01A														
TCGA-D5-6922-01A	0.1454	0.0517	0.1109	0.1116	0.0182	0.02602	0.01554	0.01554	0.09594	0.1274	0.09729	0.564	0.277	0.3261
TCGA-AA-3970-01A														
TCGA-AA-A00W-01A														
TCGA-DM-A28M-01A	0.2912	0.06917	0.0526	0.1204	0.01527	0.01126	0.01427	0.009201	0.01811	0.08816	0.04704	0.03377	0.3315	0.6795
TCGA-A6-A5ZU-01A	0.1425	0.1795	0.1716	0.09569	0.2116	0.2211	0.3619	0.01166	0.1105	0.08876	0.2889	0.6775	0.03974	0.2529
TCGA-AA-3977-01A														
TCGA-AA-3939-01A														
TCGA-AA-3521-01A														
TCGA-G4-6303-01A	0.169	0.07799	0.0443	0.1198	0.01553	0.01358	0.01516	0.009806	0.03524	0.06616	0.04497	0.4449	0.4685	0.6656
TCGA-AA-3994-01A														
TCGA-CM-4743-01A	0.4711	0.3599	0.07922	0.1189	0.0113	0.01106	0.01269	0.00791	0.01507	0.05807	0.1039	0.06605	0.1282	0.5511
TCGA-AA-3522-01A														
TCGA-AA-3866-01A														
TCGA-AY-A8YK-01A	0.06766	0.04916	0.08689	0.08642	0.01142	0.01174	0.01196	0.009695	0.01378	0.06736	0.04693	0.3829	0.02934	0.2568
TCGA-AA-3496-01A	0.1552	0.3594	0.0919	0.12	0.01348	0.01313	0.01454	0.008627	0.01757	0.09025	0.06491	0.3903	0.08698	0.1555
TCGA-5M-AATE-01A	0.09199	0.03653	0.08808	0.08655	0.01307	0.01019	0.0143	0.00923	0.01384	0.0799	0.04772	0.03368	0.2506	0.4953
TCGA-AA-A01Z-01A														
TCGA-AZ-4315-01A	0.633	0.3269	0.08304	0.1271	0.01492	0.01397	0.01403	0.00951	0.02441	0.07035	0.04952	0.2122	0.06926	0.5148
TCGA-G4-6311-01A	0.1632	0.08146	0.1001	0.08734	0.01971	0.01417	0.01228	0.007195	0.04802	0.09594	0.07032	0.1761	0.3155	0.457
TCGA-A6-6781-01A	0.335	0.2379	0.07919	0.132	0.01757	0.0142	0.01622	0.01421	0.02173	0.07127	0.07192	0.05392	0.09818	0.5156
TCGA-D5-6533-01A	0.203	0.3165	0.07758	0.08214	0.01125	0.01158	0.0138	0.009591	0.01647	0.08336	0.04099	0.3106	0.2151	0.783
TCGA-A6-A567-01A	0.3369	0.04433	0.08442	0.09667	0.01388	0.01719	0.01476	0.01118	0.01891	0.0729	0.05732	0.0318	0.03559	0.1228
TCGA-AA-A029-01A														
TCGA-CM-6677-01A	0.4683	0.2933	0.1221	0.3808	0.03705	0.2464	0.4234	0.3815	0.4074	0.3611	0.1751	0.7054	0.564	0.4957
TCGA-AA-A02F-01A														
TCGA-AA-3494-01A	0.1319	0.09637	0.07123	0.1159	0.0151	0.01553	0.01496	0.02289	0.05904	0.1136	0.05167	0.4638	0.2382	0.3422
TCGA-A6-5666-01A	0.05238	0.05699	0.02821	0.1072	0.08782	0.01659	0.02756	0.02007	0.05086	0.1188	0.0566	0.08532	0.05277	0.6994
TCGA-AZ-6599-01A	0.6244	0.579	0.1189	0.131	0.01655	0.01063	0.02172	0.009885	0.0787	0.0946	0.06808	0.8332	0.7408	0.541
TCGA-CK-5912-01A	0.08315	0.02783	0.06451	0.1192	0.01395	0.01204	0.0132	0.007774	0.01808	0.09366	0.03815	0.02407	0.1098	0.4658
TCGA-CM-6679-01A	0.191	0.2343	0.1154	0.161	0.3331	0.2411	0.4532	0.1337	0.1858	0.135	0.07386	0.3555	0.5823	0.5403
TCGA-DM-A0XD-01A	0.6606	0.6231	0.1555	0.2254	0.01057	0.02578	0.1846	0.009954	0.03403	0.3244	0.05793	0.5903	0.6723	0.7848
TCGA-A6-3807-01A														
TCGA-G4-6294-01A	0.2962	0.03675	0.0662	0.0646	0.0137	0.01366	0.01189	0.009583	0.2036	0.1222	0.06675	0.8767	0.4873	0.6951
TCGA-CA-5796-01A	0.7585	0.6968	0.06017	0.1107	0.01181	0.01179	0.0128	0.00875	0.01444	0.07905	0.04381	0.01876	0.03166	0.4963
TCGA-CM-5864-01A	0.09222	0.03676	0.07609	0.09419	0.01234	0.01231	0.01394	0.008519	0.02643	0.07954	0.05004	0.8878	0.4858	0.6692
TCGA-CA-6716-01A	0.8141	0.7267	0.1296	0.09925	0.01534	0.01671	0.01496	0.01144	0.09265	0.384	0.06986	0.8095	0.6944	0.594
TCGA-D5-6926-01A	0.1205	0.05154	0.09437	0.1039	0.01811	0.01682	0.01984	0.01445	0.03035	0.1002	0.05803	0.376	0.3488	0.347
TCGA-AZ-5407-01A	0.4571	0.6017	0.1114	0.174	0.01443	0.05381	0.5022	0.1563	0.3262	0.1752	0.08577	0.6977	0.4023	0.345
TCGA-CA-5797-01A	0.2005	0.03722	0.08173	0.1003	0.01251	0.01342	0.0136	0.00849	0.02603	0.08071	0.05743	0.06059	0.1281	0.2987
TCGA-AA-A00L-01A														
TCGA-AM-5821-01A	0.624	0.5092	0.09042	0.09577	0.0182	0.01334	0.02033	0.01115	0.0306	0.09848	0.05012	0.1203	0.1201	0.3347
TCGA-AA-A017-01A														
TCGA-D5-6530-01A	0.1913	0.1692	0.09644	0.1186	0.0144	0.01083	0.01232	0.009785	0.02016	0.08609	0.06153	0.2399	0.1064	0.5418
TCGA-CM-6165-01A	0.4373	0.07094	0.08583	0.1401	0.01282	0.02683	0.4364	0.06188	0.1416	0.1275	0.06524	0.3306	0.6647	0.8155
TCGA-AA-3979-01A														
TCGA-QL-A97D-01A	0.4898	0.2421	0.1363	0.1174	0.01309	0.02084	0.14	0.1008	0.2772	0.1043	0.06578	0.06638	0.2282	0.4017
TCGA-G4-6297-01A	0.1031	0.06689	0.07517	0.1412	0.01194	0.01738	0.01447	0.008503	0.01516	0.07623	0.09902	0.7061	0.5708	0.7446
TCGA-AA-3864-01A														
TCGA-CK-6746-01A	0.805	0.8174	0.09414	0.1127	0.0127	0.01305	0.01446	0.01031	0.02211	0.06996	0.04203	0.02639	0.3534	0.5925
TCGA-DM-A28E-01A	0.4077	0.6574	0.07259	0.1011	0.01426	0.011	0.1895	0.1545	0.02815	0.1602	0.2249	0.5128	0.1393	0.5411
TCGA-A6-5656-01A	0.409	0.4704	0.08628	0.1276	0.01566	0.01505	0.02543	0.01104	0.05624	0.1334	0.2531	0.7964	0.4545	0.2395
TCGA-A6-6652-01A	0.1778	0.04273	0.08319	0.121	0.01258	0.01419	0.165	0.02489	0.1107	0.1684	0.1017	0.4384	0.608	0.8784
TCGA-AA-3693-01A														
TCGA-A6-2677-01A	0.3517	0.4216	0.06168	0.1799	0.016	0.06576	0.439	0.3839	0.2692	0.1119	0.02785	0.1033	0.389	0.3737
TCGA-CM-6164-01A	0.1696	0.08013	0.0708	0.1431	0.01929	0.01225	0.02078	0.01061	0.02974	0.08859	0.06605	0.468	0.3793	0.391
TCGA-D5-5540-01A	0.4323	0.3999	0.1008	0.2511	0.101	0.02575	0.02132	0.02514	0.02572	0.07901	0.06403	0.7402	0.1593	0.1853
TCGA-CM-6166-01A	0.3149	0.3787	0.3158	0.157	0.04551	0.309	0.5657	0.2503	0.3761	0.1399	0.06392	0.7085	0.4727	0.2744
TCGA-G4-6298-01A	0.1282	0.04768	0.05127	0.1631	0.0139	0.01235	0.01274	0.01017	0.01597	0.06768	0.04495	0.02465	0.0552	0.6268
TCGA-4N-A93T-01A	0.09693	0.03489	0.06181	0.09281	0.01396	0.01519	0.02443	0.01263	0.03826	0.0999	0.05169	0.5559	0.03261	0.598
TCGA-RU-A8FL-01A	0.1666	0.04657	0.05968	0.09144	0.01647	0.01861	0.02132	0.0144	0.0223	0.07487	0.05522	0.1166	0.08713	0.5313
TCGA-D5-6532-01A	0.6775	0.6743	0.6392	0.59	0.3742	0.3384	0.3973	0.3493	0.3889	0.4176	0.5944	0.8023	0.7016	0.5234
TCGA-D5-6898-01A	0.2381	0.05143	0.09066	0.1038	0.019	0.01666	0.02031	0.01433	0.02785	0.1077	0.06732	0.04691	0.1318	0.7539
TCGA-DM-A1D0-01A	0.1059	0.2732	0.08371	0.08782	0.009344	0.01169	0.01358	0.00635	0.02138	0.08162	0.03778	0.04908	0.1658	0.7542
TCGA-CM-6676-01A	0.2054	0.1544	0.08707	0.1272	0.01434	0.01394	0.0145	0.009701	0.03307	0.1305	0.05225	0.1282	0.4205	0.4894
TCGA-AA-A01F-01A														
TCGA-NH-A8F7-01A	0.2781	0.3872	0.1149	0.1098	0.01395	0.01157	0.01506	0.01182	0.01446	0.06654	0.04068	0.09903	0.8071	0.5555
TCGA-A6-A56B-01A	0.1514	0.03809	0.08394	0.1349	0.01364	0.01755	0.01525	0.01229	0.2676	0.09886	0.08185	0.8144	0.4937	0.478
TCGA-CK-6751-01A	0.5662	0.3724	0.111	0.1419	0.0153	0.01803	0.4923	0.4461	0.3782	0.1627	0.1031	0.786	0.4512	0.6354
TCGA-A6-3809-01B	0.7768	0.6567	0.7347	0.3138	0.07589	0.05041	0.483	0.5343	0.4753	0.4902	0.6862	0.8893	0.5874	0.7031
TCGA-AA-3495-01A	0.1798	0.3318	0.06576	0.1398	0.01209	0.01428	0.01899	0.01019	0.0241	0.07108	0.09786	0.6413	0.4887	0.6524
TCGA-DM-A288-01A	0.6095	0.3629	0.1135	0.148	0.01341	0.01313	0.01429	0.2319	0.07287	0.2646	0.04914	0.6748	0.5159	0.5001
TCGA-AA-A00Q-01A														
TCGA-AA-A01P-01A														
TCGA-AA-A02H-01A														
TCGA-AZ-4681-01A	0.1424	0.03735	0.06598	0.07888	0.01336	0.01557	0.01526	0.009358	0.02076	0.09355	0.04633	0.5295	0.141	0.6112
TCGA-A6-2670-01A														
TCGA-AA-3558-01A														
TCGA-AA-3695-01A														
TCGA-AA-3967-01A														
TCGA-NH-A50V-01B														