sample	cg12164232	cg10001282	cg02262662	cg06043042	cg07647353	cg18834338	cg05886671	cg03425110	cg17583413	cg12938159	cg26333837	cg06973667	cg26428455	cg09931187
TCGA-NH-A8F7-06A	0.06309	0.01807	0.08321	0.05904	0.01916	0.08443	0.06403	0.04049	0.3225	0.3865	0.01925	0.3437	0.1612	0.1093
TCGA-NH-A6GC-06A														
TCGA-G4-6317-02A	0.0802	0.01468	0.08985	0.05478	0.01633	0.07707	0.07106	0.5997	0.3454	0.1034	0.6644	0.3962	0.08332	0.1078
TCGA-AZ-6599-11A	0.1833	0.01309	0.06835	0.0413	0.01417	0.0841	0.05042	0.2177	0.1804	0.199	0.1045	0.3151	0.1297	0.2743
TCGA-AA-3655-11A	0.2062	0.01509	0.1036	0.06929	0.01312	0.1252	0.03861	0.1774	0.1444	0.1803	0.05056	0.2677	0.06877	0.1727
TCGA-AA-3525-11A														
TCGA-AZ-6603-11A														
TCGA-A6-2683-11A														
TCGA-AZ-6601-11A	0.1534	0.01459	0.07251	0.02799	0.01525	0.1015	0.05494	0.1836	0.1804	0.1851	0.06804	0.2621	0.085	0.199
TCGA-AZ-6600-11A	0.2007	0.01622	0.08672	0.08258	0.01525	0.09761	0.06642	0.1024	0.1535	0.1596	0.04764	0.2543	0.09676	0.2315
TCGA-A6-2671-11A	0.2551	0.01529	0.07777	0.05369	0.01841	0.09826	0.1001	0.3428	0.2962	0.2695	0.1602	0.356	0.1807	0.3106
TCGA-F4-6704-11A														
TCGA-AA-3511-11A														
TCGA-AZ-6598-11A	0.1852	0.01435	0.07888	0.0444	0.01563	0.1112	0.0674	0.2116	0.2185	0.2578	0.1057	0.3106	0.1534	0.3044
TCGA-AA-3662-11A														
TCGA-A6-2682-11A	0.177	0.0174	0.0697	0.05443	0.01866	0.08767	0.05858	0.2316	0.2306	0.2221	0.1211	0.2727	0.08338	0.2497
TCGA-AA-3660-11A	0.1417	0.0137	0.1098	0.06366	0.0194	0.09459	0.05747	0.1796	0.1995	0.2211	0.08449	0.2521	0.08747	0.1581
TCGA-AA-3712-11A	0.2418	0.01883	0.112	0.06263	0.01625	0.1124	0.07621	0.2427	0.226	0.2052	0.1039	0.3163	0.117	0.2401
TCGA-A6-2678-11A														
TCGA-AA-3489-11A														
TCGA-AA-3697-11A	0.1695	0.01722	0.0966	0.05576	0.02142	0.1024	0.08177	0.1648	0.2207	0.2151	0.0807	0.2447	0.06262	0.1935
TCGA-AA-3713-11A	0.1804	0.01351	0.1039	0.04889	0.01481	0.1071	0.08265	0.1719	0.1739	0.1761	0.07748	0.2665	0.09172	0.2116
TCGA-AA-3514-11A														
TCGA-A6-2685-11A	0.1833	0.01843	0.07093	0.05274	0.01956	0.07819	0.07031	0.137	0.1561	0.1614	0.0567	0.205	0.07503	0.1466
TCGA-AA-3520-11A														
TCGA-A6-5667-11A	0.2	0.01358	0.09615	0.05775	0.01552	0.08485	0.04458	0.07912	0.1173	0.1506	0.03649	0.1912	0.04813	0.1197
TCGA-AA-3518-11A														
TCGA-A6-2684-11A	0.1945	0.01648	0.06807	0.05259	0.01693	0.08727	0.08128	0.2855	0.2203	0.2119	0.1177	0.3335	0.1791	0.2937
TCGA-AA-3663-11A	0.1894	0.01279	0.08102	0.06432	0.02063	0.08279	0.03422	0.1012	0.1106	0.1353	0.03916	0.1685	0.03167	0.1283
TCGA-A6-2686-11A	0.1755	0.0138	0.06903	0.05508	0.01796	0.09018	0.0766	0.3287	0.32	0.2916	0.1928	0.3724	0.2282	0.3438
TCGA-A6-2679-11A	0.1893	0.01784	0.08464	0.0495	0.01605	0.09826	0.112	0.272	0.2463	0.2356	0.1212	0.2902	0.1585	0.299
TCGA-AA-3534-11A														
TCGA-AA-3522-11A														
TCGA-AA-3527-11A														
TCGA-AA-3531-11A														
TCGA-A6-5662-11A														
TCGA-A6-5665-11A														
TCGA-AA-3516-11A														
TCGA-AA-3496-11A														
TCGA-A6-5659-11A														
TCGA-A6-2680-11A	0.1856	0.01526	0.08483	0.05119	0.0142	0.09029	0.0651	0.2442	0.2052	0.2074	0.1184	0.1938	0.1292	0.2336
TCGA-AA-3517-11A														
TCGA-A6-2675-11A	0.2282	0.03604	0.119	0.1692	0.05193	0.1073	0.06912	0.2073	0.1765	0.1735	0.04792	0.2709	0.06248	0.2317
TCGA-AZ-6605-11A														
TCGA-G4-6625-11A	0.2497	0.02417	0.08043	0.04325	0.02184	0.1206	0.05128	0.1881	0.1678	0.1865	0.057	0.2981	0.08901	0.2168
TCGA-G4-6322-11A	0.2393	0.01733	0.1096	0.07134	0.01639	0.1087	0.07559	0.2743	0.246	0.244	0.09533	0.3203	0.09191	0.2623
TCGA-G4-6302-11A	0.2341	0.0262	0.1002	0.1047	0.05325	0.1454	0.09214	0.2717	0.1226	0.2421	0.08558	0.3888	0.06336	0.298
TCGA-G4-6311-11A	0.2327	0.01165	0.1112	0.08357	0.01523	0.1198	0.06095	0.3099	0.2837	0.3216	0.1298	0.4075	0.193	0.3423
TCGA-AA-3492-11A	0.229	0.01645	0.08196	0.06609	0.015	0.08865	0.06948	0.3316	0.2799	0.2572	0.1576	0.3264	0.1962	0.3044
TCGA-G4-6320-11A	0.2094	0.01849	0.09229	0.06224	0.01473	0.1067	0.08682	0.3117	0.2809	0.2565	0.1521	0.3828	0.1741	0.3502
TCGA-A6-2681-11A	0.1959	0.01801	0.05545	0.03608	0.0169	0.1045	0.08045	0.2254	0.1966	0.2142	0.1157	0.2874	0.1711	0.2268
TCGA-AA-3488-11A	0.1956	0.01831	0.06774	0.05832	0.02191	0.09464	0.08847	0.1444	0.166	0.1494	0.08936	0.2189	0.09836	0.1971
TCGA-G4-6295-11A	0.1939	0.01196	0.09104	0.04721	0.0173	0.0921	0.0597	0.2461	0.3587	0.3076	0.1221	0.325	0.1769	0.3091
TCGA-AA-3502-11A	0.1922	0.01694	0.07948	0.06894	0.0173	0.1152	0.08683	0.191	0.2005	0.2118	0.1078	0.2471	0.114	0.2523
TCGA-G4-6297-11A	0.1904	0.01247	0.103	0.06921	0.01636	0.1113	0.06567	0.142	0.2037	0.2152	0.05055	0.2459	0.07714	0.1804
TCGA-AA-3495-11A	0.1868	0.01783	0.0729	0.05453	0.01818	0.0909	0.06775	0.3026	0.2858	0.2212	0.1604	0.314	0.2141	0.3139
TCGA-G4-6314-11A	0.1837	0.01541	0.09374	0.05272	0.01907	0.1006	0.05428	0.2822	0.26	0.2467	0.1095	0.3697	0.1679	0.3327
TCGA-AA-3506-11A	0.1811	0.01781	0.07511	0.06091	0.02133	0.09246	0.1028	0.2203	0.1854	0.1852	0.107	0.2382	0.1135	0.2286
TCGA-AA-3509-11A	0.1788	0.0174	0.06554	0.04662	0.02	0.08739	0.04495	0.06452	0.07161	0.1195	0.03097	0.1591	0.05649	0.1335
TCGA-G4-6298-11A	0.1743	0.0201	0.09627	0.06931	0.0173	0.1207	0.06747	0.335	0.3075	0.3214	0.1205	0.3577	0.2141	0.3405
TCGA-AA-3494-11A	0.1707	0.01537	0.07423	0.05541	0.0198	0.08792	0.07923	0.1756	0.138	0.1868	0.06637	0.1864	0.07329	0.1939
TCGA-AA-3510-11A	0.1574	0.01617	0.06601	0.04421	0.01566	0.1031	0.07767	0.1844	0.1943	0.2038	0.1142	0.25	0.1303	0.2185
TCGA-A6-4107-11A	0.151	0.017	0.06816	0.04752	0.0258	0.08167	0.07788	0.206	0.1658	0.1838	0.06681	0.1902	0.09068	0.1938
TCGA-A6-2672-11A														
TCGA-A6-2674-11A														
TCGA-A6-2676-11A														
TCGA-A6-2677-11A														
TCGA-A6-3807-11A														
TCGA-A6-3808-11A														
TCGA-A6-3809-11A														
TCGA-A6-3810-11A														
TCGA-A6-5657-11A														
TCGA-A6-5660-11A														
TCGA-A6-5661-11A														
TCGA-A6-5666-11A														
TCGA-AA-3519-11A														
TCGA-AA-3521-11A														
TCGA-AA-3524-11A														
TCGA-AA-3526-11A														
TCGA-AA-3529-11A														
TCGA-AA-3530-11A														
TCGA-AA-3532-11A														
TCGA-AA-A01P-11A														
TCGA-AA-A01R-11A														
TCGA-AA-A01S-11A														
TCGA-AA-A01T-11A														
TCGA-AA-A01V-11A														
TCGA-AA-A01X-11A														
TCGA-AA-A01Z-11A														
TCGA-AA-A022-11A														
TCGA-AA-A02O-11A														
TCGA-AA-A03F-11A														
TCGA-AA-A03J-11A														
TCGA-AZ-6606-11A														
TCGA-AZ-6607-11A														
TCGA-AZ-6608-11A														
TCGA-AA-A00J-01A														
TCGA-AA-3492-01A	0.4256	0.01867	0.1334	0.0722	0.01864	0.1614	0.1834	0.6796	0.6358	0.6584	0.4576	0.7003	0.7658	0.7426
TCGA-G4-6314-01A	0.2571	0.01362	0.1002	0.05844	0.01506	0.08561	0.07025	0.4737	0.4994	0.5237	0.3492	0.4237	0.5368	0.4292
TCGA-A6-6653-01A	0.4541	0.02979	0.4288	0.4358	0.4091	0.5212	0.477	0.6878	0.6978	0.7224	0.4787	0.7894	0.7882	0.7438
TCGA-CK-5913-01A	0.1159	0.01544	0.08595	0.05288	0.01635	0.1205	0.05809	0.5861	0.6297	0.6296	0.417	0.6334	0.5574	0.6336
TCGA-AD-6965-01A	0.1144	0.02227	0.1002	0.06132	0.02184	0.08684	0.06132	0.65	0.5344	0.5196	0.5236	0.6335	0.436	0.4392
TCGA-AA-3672-01A														
TCGA-AA-A00U-01A														
TCGA-AA-3815-01A														
TCGA-AA-3518-01A														
TCGA-AA-3555-01A														
TCGA-A6-5661-01A	0.4788	0.0127	0.1307	0.07895	0.02691	0.1241	0.08381	0.6362	0.5983	0.5854	0.3565	0.6351	0.6499	0.7145
TCGA-AA-A00E-01A														
TCGA-AD-6889-01A	0.7111	0.02771	0.1371	0.0901	0.02193	0.1645	0.2313	0.684	0.7129	0.6765	0.5559	0.7417	0.807	0.8062
TCGA-AA-A02O-01A														
TCGA-A6-5665-01A	0.1954	0.02323	0.07619	0.04551	0.02157	0.1182	0.04946	0.3806	0.383	0.555	0.4489	0.663	0.7198	0.6364
TCGA-AA-3664-01A														
TCGA-AA-3514-01A														
TCGA-G4-6586-01A	0.2192	0.02202	0.07528	0.05092	0.02005	0.08758	0.09382	0.5732	0.5688	0.5836	0.3753	0.6029	0.5007	0.7374
TCGA-AA-A01R-01A														
TCGA-DM-A1HB-01A	0.1276	0.01753	0.1087	0.0661	0.02081	0.1127	0.07304	0.5925	0.5787	0.5568	0.448	0.4443	0.6471	0.6635
TCGA-AA-3842-01A														
TCGA-AZ-6598-01A	0.6072	0.01865	0.1918	0.1265	0.05187	0.3233	0.3186	0.6976	0.6721	0.6632	0.4879	0.6869	0.7809	0.7802
TCGA-CM-6171-01A	0.2932	0.01709	0.08927	0.05554	0.02578	0.09719	0.05455	0.5878	0.6033	0.6748	0.462	0.5659	0.7721	0.7817
TCGA-AZ-6601-01A	0.2882	0.01392	0.1034	0.0505	0.01539	0.1904	0.1931	0.4002	0.4278	0.4743	0.2431	0.5145	0.4405	0.2869
TCGA-G4-6304-01A	0.1628	0.02091	0.09524	0.06623	0.02065	0.1017	0.05919	0.4369	0.3817	0.4083	0.2728	0.3404	0.1331	0.3498
TCGA-AA-3848-01A														
TCGA-CK-6747-01A	0.117	0.01632	0.1203	0.07591	0.02034	0.1516	0.1109	0.6145	0.6623	0.662	0.4845	0.54	0.7146	0.6904
TCGA-AA-3712-01A	0.4516	0.01865	0.09668	0.05823	0.01304	0.2146	0.1298	0.3804	0.643	0.28	0.275	0.511	0.4251	0.6017
TCGA-AA-3952-01A														
TCGA-AA-3527-01A														
TCGA-AD-A5EJ-01A	0.3793	0.01725	0.1413	0.08963	0.02462	0.1981	0.2475	0.5938	0.6144	0.5925	0.4583	0.5725	0.675	0.6621
TCGA-G4-6299-01A	0.2222	0.01864	0.09851	0.05147	0.01447	0.1323	0.1159	0.5663	0.6483	0.6029	0.4583	0.5791	0.7565	0.6701
TCGA-AA-3680-01A														
TCGA-AA-A03F-01A														
TCGA-AA-A01G-01A														
TCGA-AA-3531-01A														
TCGA-AA-3520-01A														
TCGA-AA-A01D-01A														
TCGA-5M-AATA-01A	0.2709	0.01728	0.08408	0.05513	0.01561	0.09419	0.04656	0.2647	0.5248	0.4705	0.1272	0.4334	0.4977	0.2694
TCGA-CM-4751-01A	0.1703	0.01376	0.121	0.08379	0.02078	0.1159	0.1423	0.5058	0.4676	0.4702	0.3715	0.3317	0.2692	0.4798
TCGA-AD-5900-01A	0.2282	0.02927	0.1111	0.1086	0.03799	0.1321	0.1258	0.5191	0.3978	0.4936	0.2985	0.5347	0.4097	0.3668
TCGA-G4-6295-01A	0.311	0.01215	0.09144	0.06013	0.02432	0.08998	0.05977	0.2886	0.5381	0.5588	0.2118	0.1687	0.2837	0.1273
TCGA-AZ-4615-01A	0.1419	0.01947	0.07947	0.08068	0.01986	0.1278	0.1378	0.5535	0.499	0.4934	0.3422	0.4695	0.5437	0.5978
TCGA-F4-6808-01A	0.09293	0.01368	0.1006	0.05226	0.01741	0.1362	0.1517	0.5287	0.5555	0.4823	0.3299	0.3096	0.1908	0.3132
TCGA-AA-3660-01A	0.1198	0.01661	0.08942	0.04919	0.01792	0.09552	0.04729	0.5775	0.5455	0.6135	0.3663	0.6011	0.643	0.4727
TCGA-AZ-4616-01A	0.1995	0.01703	0.1297	0.06522	0.01954	0.1267	0.1105	0.5108	0.4999	0.5284	0.3862	0.4134	0.3786	0.4488
TCGA-D5-6539-01A	0.1402	0.01592	0.1065	0.05493	0.02191	0.1118	0.04418	0.3802	0.1896	0.3078	0.1443	0.3642	0.07764	0.3749
TCGA-G4-6317-01A	0.393	0.01817	0.1056	0.075	0.02335	0.1335	0.06316	0.5872	0.658	0.5906	0.3953	0.5485	0.03404	0.3974
TCGA-4T-AA8H-01A	0.1742	0.01296	0.1134	0.04434	0.0154	0.1065	0.06667	0.5574	0.5913	0.5783	0.5029	0.5912	0.2627	0.6166
TCGA-DM-A285-01A	0.2993	0.01888	0.226	0.09088	0.02029	0.1623	0.1308	0.2658	0.4355	0.4214	0.2838	0.4295	0.1955	0.2535
TCGA-AY-6197-01A	0.3833	0.01745	0.2621	0.1163	0.04573	0.2579	0.333	0.6039	0.551	0.6496	0.4279	0.5784	0.6308	0.5402
TCGA-AA-3506-01A	0.08883	0.0197	0.0641	0.05453	0.02058	0.1085	0.06598	0.4998	0.5215	0.5278	0.4103	0.5031	0.07727	0.3278
TCGA-AA-3949-01A														
TCGA-DM-A28F-01A	0.1337	0.01945	0.1352	0.04362	0.01664	0.1038	0.0849	0.5781	0.5025	0.4933	0.3459	0.4428	0.04673	0.2246
TCGA-CA-6717-01A	0.2842	0.01762	0.1474	0.0892	0.01932	0.1532	0.1104	0.462	0.3723	0.4198	0.2662	0.3839	0.2897	0.4553
TCGA-DM-A28A-01A	0.1425	0.01539	0.06123	0.03306	0.0147	0.08901	0.0924	0.6482	0.7462	0.696	0.5072	0.5966	0.5245	0.6073
TCGA-QG-A5YW-01A	0.1868	0.01764	0.09271	0.05356	0.01725	0.09171	0.04868	0.4947	0.5952	0.5802	0.4168	0.4978	0.1181	0.4019
TCGA-AA-3524-01A														
TCGA-AZ-6606-01A	0.437	0.01436	0.1677	0.1032	0.02569	0.2441	0.2274	0.6513	0.6531	0.6598	0.4723	0.668	0.6388	0.7465
TCGA-AA-3989-01A														
TCGA-AA-3488-01A	0.5201	0.01742	0.09285	0.07185	0.01708	0.09067	0.08615	0.1561	0.5016	0.1454	0.3431	0.5804	0.03669	0.5603
TCGA-AA-3855-01A														
TCGA-CM-4748-01A	0.1089	0.01931	0.08762	0.04604	0.02154	0.09384	0.07031	0.4812	0.4244	0.3344	0.2196	0.4226	0.4174	0.529
TCGA-F4-6807-01A	0.3523	0.0152	0.1248	0.07575	0.01969	0.1179	0.1213	0.4982	0.5068	0.5301	0.3319	0.3845	0.06957	0.6067
TCGA-AA-3534-01A														
TCGA-F4-6704-01A	0.1351	0.01508	0.14	0.07243	0.02165	0.1578	0.1357	0.4129	0.4507	0.4468	0.2345	0.3314	0.3322	0.1342
TCGA-AA-3869-01A														
TCGA-D5-6538-01A	0.05659	0.01439	0.5614	0.5284	0.747	0.6576	0.6792	0.8037	0.7985	0.5681	0.5915	0.8007	0.4062	0.601
TCGA-AA-A01T-01A														
TCGA-DM-A1DA-01A	0.06655	0.3539	0.5149	0.3552	0.5587	0.566	0.5443	0.7907	0.8218	0.8108	0.5559	0.5476	0.7196	0.897
TCGA-CA-5256-01A	0.2643	0.01833	0.0778	0.05936	0.0154	0.1017	0.07587	0.2547	0.6219	0.6216	0.4697	0.4709	0.04132	0.4655
TCGA-AA-3986-01A														
TCGA-AA-3543-01A														
TCGA-AA-A01S-01A														
TCGA-CM-6168-01A	0.1377	0.01554	0.1224	0.06544	0.02148	0.1337	0.1113	0.4247	0.4297	0.4362	0.2702	0.3617	0.3853	0.3337
TCGA-A6-6780-01A	0.2074	0.01771	0.1168	0.07032	0.02301	0.1617	0.1682	0.6203	0.6256	0.5991	0.4698	0.5693	0.6192	0.6667
TCGA-CA-5254-01A	0.1395	0.01488	0.0928	0.0622	0.01867	0.1108	0.08866	0.6046	0.6132	0.6333	0.4511	0.653	0.3688	0.7669
TCGA-CK-5914-01A	0.4122	0.01369	0.07402	0.06179	0.01638	0.09581	0.07168	0.5799	0.674	0.6962	0.4629	0.5148	0.342	0.5545
TCGA-AA-3554-01A														
TCGA-AA-3696-01A														
TCGA-CM-5863-01A	0.1456	0.01834	0.1135	0.06232	0.01647	0.1161	0.06034	0.4013	0.4265	0.4216	0.2871	0.4056	0.2665	0.5033
TCGA-D5-6931-01A	0.2561	0.02405	0.2607	0.1532	0.1437	0.3282	0.3821	0.5109	0.4801	0.4226	0.3145	0.4728	0.4172	0.4641
TCGA-AY-A71X-01A	0.3653	0.01996	0.07812	0.03933	0.02396	0.1087	0.1181	0.711	0.7861	0.6967	0.6127	0.7091	0.4718	0.5415
TCGA-DM-A28G-01A	0.4263	0.01484	0.1054	0.04704	0.02199	0.1237	0.08669	0.5968	0.585	0.5734	0.4341	0.5623	0.14	0.5159
TCGA-A6-6649-01A	0.1439	0.01632	0.0849	0.0576	0.01819	0.07972	0.06093	0.5169	0.4469	0.5384	0.3192	0.5489	0.5666	0.6021
TCGA-F4-6569-01A	0.121	0.02176	0.09655	0.07198	0.0199	0.1064	0.05211	0.4297	0.3696	0.4057	0.1758	0.4196	0.3032	0.5116
TCGA-AA-3663-01A	0.1308	0.02334	0.175	0.1831	0.0416	0.2847	0.3041	0.6087	0.5158	0.4255	0.2695	0.4224	0.6232	0.3397
TCGA-AA-3526-01A														
TCGA-F4-6856-01A	0.08478	0.02536	0.1368	0.08301	0.02556	0.1575	0.1294	0.5112	0.4181	0.3768	0.3512	0.4767	0.5353	0.5542
TCGA-AA-A00A-01A														
TCGA-AA-A010-01A														
TCGA-A6-5661-01B	0.4139	0.03391	0.05732	0.0385	0.03585	0.1154	0.06366	0.6644	0.6613	0.6607	0.3227	0.6192	0.6622	0.7154
TCGA-AA-3851-01A														
TCGA-CK-4952-01A	0.3429	0.01563	0.08784	0.05076	0.01565	0.1601	0.1206	0.6265	0.6624	0.6648	0.4848	0.7237	0.3254	0.6287
TCGA-CM-5348-01A	0.1237	0.01331	0.09704	0.05757	0.01662	0.1024	0.04738	0.4772	0.3881	0.3652	0.1572	0.3648	0.02282	0.2188
TCGA-A6-2678-01A														
TCGA-NH-A50T-01A	0.08093	0.02143	0.1036	0.05558	0.01951	0.1208	0.1265	0.6351	0.7211	0.6939	0.5437	0.459	0.2166	0.2144
TCGA-A6-5665-01B	0.2185	0.02223	0.09092	0.03956	0.02402	0.07362	0.0533	0.2651	0.4716	0.4756	0.429	0.6247	0.632	0.6834
TCGA-G4-6293-01A	0.1395	0.01568	0.111	0.05316	0.01889	0.1468	0.04969	0.5357	0.3993	0.5526	0.3246	0.3913	0.3237	0.5625
TCGA-AA-3872-01A														
TCGA-AA-3556-01A														
TCGA-G4-6309-01A	0.4629	0.01435	0.128	0.06976	0.01562	0.121	0.1368	0.02661	0.2423	0.1001	0.1966	0.2032	0.1189	0.318
TCGA-AA-3831-01A														
TCGA-AA-3542-01A														
TCGA-F4-6703-01A	0.1065	0.01442	0.1378	0.06622	0.02015	0.128	0.1023	0.3425	0.3149	0.273	0.2273	0.3125	0.1829	0.3828
TCGA-AA-3877-01A														
TCGA-AA-3684-01A														
TCGA-A6-6780-01B	0.1975	0.03517	0.07307	0.05706	0.04732	0.1274	0.1819	0.6606	0.5652	0.6355	0.4057	0.5824	0.6193	0.6112
TCGA-D5-6920-01A	0.3378	0.03489	0.1066	0.07147	0.02685	0.1217	0.08129	0.4436	0.4081	0.3513	0.279	0.4277	0.2933	0.3304
TCGA-D5-7000-01A	0.184	0.03354	0.3943	0.3852	0.3172	0.5128	0.5115	0.6214	0.5807	0.5661	0.438	0.532	0.3876	0.6277
TCGA-AZ-6600-01A	0.1871	0.02118	0.3374	0.3289	0.3091	0.3755	0.3674	0.5496	0.4922	0.4487	0.349	0.5455	0.5086	0.578
TCGA-AA-3950-01A														
TCGA-F4-6805-01A	0.1262	0.01268	0.1166	0.0551	0.02051	0.1049	0.07196	0.231	0.2896	0.3062	0.1167	0.4209	0.4577	0.5351
TCGA-NH-A8F8-01A	0.2901	0.01509	0.2457	0.08436	0.02457	0.2024	0.2296	0.5626	0.5135	0.5279	0.3291	0.5111	0.3464	0.6382
TCGA-CK-4947-01B	0.1521	0.03523	0.2569	0.1882	0.3779	0.465	0.4652	0.4785	0.5074	0.4537	0.4305	0.267	0.4067	0.4878
TCGA-G4-6306-01A	0.1146	0.01526	0.09607	0.04056	0.02075	0.09336	0.1187	0.524	0.6674	0.6845	0.4488	0.5414	0.3514	0.7555
TCGA-AA-3715-01A														
TCGA-A6-2680-01A	0.09576	0.01688	0.08926	0.0488	0.01654	0.1166	0.1456	0.5941	0.5437	0.571	0.3999	0.3911	0.5636	0.6165
TCGA-AA-3956-01A														
TCGA-D5-6927-01A	0.115	0.02487	0.2107	0.1168	0.05057	0.1669	0.2076	0.2242	0.1806	0.1544	0.1709	0.2484	0.144	0.1297
TCGA-AA-3552-01A														
TCGA-D5-6541-01A	0.1193	0.0147	0.08749	0.0638	0.01633	0.09943	0.06002	0.4888	0.4949	0.4106	0.2997	0.3093	0.2431	0.3998
TCGA-AZ-4323-01A	0.2256	0.01641	0.1264	0.07079	0.01945	0.1734	0.1574	0.226	0.19	0.2964	0.1269	0.2023	0.05825	0.1685
TCGA-AA-3561-01A														
TCGA-DM-A0X9-01A	0.4068	0.01546	0.06202	0.06958	0.01921	0.08438	0.03602	0.6113	0.6966	0.6186	0.3913	0.5486	0.126	0.572
TCGA-AD-6890-01A	0.09799	0.01967	0.1269	0.06913	0.02296	0.1188	0.1046	0.5917	0.5198	0.4499	0.3312	0.5825	0.304	0.6085
TCGA-D5-6932-01A	0.2982	0.1609	0.1718	0.1598	0.05472	0.3272	0.2562	0.5776	0.5291	0.3591	0.4567	0.5121	0.1057	0.6013
TCGA-AD-6899-01A	0.2037	0.02415	0.1122	0.07917	0.02376	0.113	0.07376	0.435	0.5388	0.5373	0.4317	0.4817	0.5836	0.6089
TCGA-CM-5860-01A	0.4139	0.0174	0.1449	0.07834	0.02083	0.1419	0.1235	0.5959	0.5703	0.5889	0.399	0.5986	0.5351	0.67
TCGA-D5-6529-01A	0.09091	0.01932	0.1566	0.1251	0.02757	0.1477	0.2133	0.5095	0.4845	0.5242	0.3275	0.508	0.335	0.5157
TCGA-AD-6964-01A	0.1299	0.01869	0.1269	0.09011	0.03648	0.2028	0.224	0.4535	0.3899	0.3415	0.185	0.3051	0.3007	0.3409
TCGA-AA-A00F-01A														
TCGA-AA-3875-01A														
TCGA-CM-6161-01A	0.08769	0.01205	0.07985	0.0454	0.01611	0.09965	0.05333	0.5369	0.4469	0.4789	0.387	0.3419	0.1614	0.3568
TCGA-3L-AA1B-01A	0.1346	0.02161	0.07646	0.04355	0.02243	0.1345	0.1339	0.4318	0.4084	0.2852	0.2576	0.3916	0.3865	0.4112
TCGA-AA-3560-01A														
TCGA-AA-3845-01A														
TCGA-AA-A00Z-01A														
TCGA-DM-A1D4-01A	0.4496	0.01517	0.1077	0.07501	0.01723	0.1821	0.1356	0.6484	0.6482	0.65	0.3849	0.7079	0.7458	0.7487
TCGA-AA-3710-01A														
TCGA-AA-3519-01A														
TCGA-CM-4744-01A	0.1001	0.01287	0.1369	0.1032	0.03391	0.1978	0.2475	0.5833	0.5597	0.5522	0.3729	0.419	0.1396	0.4379
TCGA-CK-4948-01B	0.1176	0.01446	0.06845	0.05806	0.02081	0.09419	0.02557	0.2607	0.3391	0.3551	0.02011	0.2081	0.0277	0.06697
TCGA-T9-A92H-01A	0.1197	0.01956	0.08964	0.05616	0.01945	0.1393	0.1518	0.5355	0.6413	0.675	0.5148	0.5397	0.4342	0.6664
TCGA-A6-3808-01A														
TCGA-AA-3837-01A														
TCGA-G4-6321-01A	0.2583	0.01829	0.1115	0.05488	0.01778	0.1383	0.1259	0.4907	0.5042	0.4631	0.2784	0.424	0.4935	0.5643
TCGA-CA-5255-01A	0.3773	0.108	0.2745	0.253	0.1394	0.3776	0.3996	0.4836	0.4649	0.4346	0.3585	0.3469	0.3783	0.277
TCGA-AA-3532-01A														
TCGA-QG-A5YV-01A	0.3633	0.01887	0.1111	0.06118	0.02347	0.1188	0.06348	0.6466	0.7639	0.7602	0.4694	0.6096	0.424	0.5304
TCGA-D5-6540-01A	0.4084	0.0139	0.1231	0.06326	0.02027	0.1886	0.1431	0.5861	0.5482	0.5645	0.3029	0.5571	0.6156	0.6476
TCGA-AZ-6605-01A	0.1353	0.01973	0.1178	0.08196	0.01768	0.123	0.08598	0.4472	0.3772	0.3824	0.3479	0.3499	0.3878	0.5307
TCGA-AA-3509-01A	0.06641	0.01918	0.09018	0.04495	0.01877	0.1304	0.1076	0.6941	0.613	0.5983	0.4607	0.4785	0.5325	0.4374
TCGA-AY-6386-01A	0.4999	0.0153	0.09958	0.07461	0.01945	0.1343	0.1615	0.4996	0.5065	0.4968	0.334	0.4693	0.5203	0.5885
TCGA-NH-A6GA-01A	0.3826	0.01854	0.1788	0.06826	0.03617	0.1491	0.1973	0.4814	0.3991	0.1539	0.4528	0.5154	0.2273	0.2808
TCGA-DM-A282-01A	0.1137	0.01496	0.08677	0.05587	0.01917	0.09348	0.04493	0.5156	0.6514	0.6528	0.4346	0.6725	0.7314	0.7067
TCGA-A6-5664-01A	0.1917	0.01742	0.1133	0.0624	0.01696	0.1299	0.114	0.4331	0.4381	0.4138	0.2783	0.2882	0.2094	0.4088
TCGA-AY-A54L-01A	0.2577	0.01409	0.07589	0.04478	0.01716	0.09792	0.05385	0.62	0.7152	0.5856	0.4597	0.4912	0.6245	0.4586
TCGA-AA-A01I-01A														
TCGA-AA-3861-01A														
TCGA-AA-A01K-01A														
TCGA-AA-3529-01A														
TCGA-AA-3858-01A														
TCGA-CK-4950-01A	0.1332	0.01694	0.1097	0.07364	0.01751	0.1824	0.1614	0.4955	0.451	0.4344	0.2551	0.4314	0.2353	0.5298
TCGA-CK-4951-01A	0.1126	0.02064	0.09251	0.06377	0.01672	0.1319	0.1347	0.5114	0.4634	0.4899	0.3384	0.3232	0.5611	0.478
TCGA-A6-2686-01A	0.221	0.01852	0.1016	0.0564	0.02627	0.1711	0.2022	0.5598	0.5244	0.5162	0.3662	0.4396	0.598	0.5873
TCGA-F4-6463-01A	0.1456	0.01562	0.1116	0.06695	0.01674	0.1163	0.06374	0.4607	0.4564	0.5246	0.2904	0.3668	0.3468	0.2326
TCGA-5M-AAT5-01A	0.2737	0.01541	0.08208	0.04321	0.02115	0.08888	0.05241	0.4192	0.5291	0.5327	0.3385	0.3264	0.05246	0.131
TCGA-AU-6004-01A	0.2067	0.01431	0.09759	0.06044	0.01651	0.1214	0.05825	0.4895	0.444	0.4432	0.2565	0.397	0.4294	0.4386
TCGA-AZ-4313-01A	0.08535	0.01309	0.05518	0.03921	0.01621	0.09087	0.04675	0.02888	0.1523	0.3188	0.1325	0.3367	0.03655	0.1006
TCGA-AA-3856-01A														
TCGA-AA-3818-01A														
TCGA-CM-6169-01A	0.2359	0.01534	0.2548	0.1035	0.06914	0.4345	0.3733	0.5811	0.6267	0.373	0.3433	0.3114	0.1975	0.3499
TCGA-A6-2683-01A														
TCGA-AA-3530-01A														
TCGA-AA-3947-01A														
TCGA-DM-A1D9-01A	0.08847	0.2285	0.1197	0.07183	0.04401	0.3777	0.3317	0.6571	0.6429	0.6258	0.4208	0.6379	0.7091	0.539
TCGA-A6-4107-01A	0.4039	0.01784	0.2483	0.2346	0.2126	0.3256	0.3812	0.6328	0.6143	0.5531	0.4084	0.6222	0.5947	0.5756
TCGA-AA-3812-01A														
TCGA-AA-3870-01A														
TCGA-DM-A1D8-01A	0.3787	0.02097	0.247	0.1807	0.1703	0.4614	0.4616	0.655	0.6528	0.6635	0.4456	0.6993	0.5671	0.5022
TCGA-CM-6162-01A	0.138	0.01403	0.09627	0.06417	0.01983	0.1026	0.05092	0.03	0.1021	0.1067	0.02625	0.1763	0.2241	0.2191
TCGA-AA-3971-01A														
TCGA-AA-3867-01A														
TCGA-AD-6548-01A	0.165	0.01699	0.1291	0.07605	0.01525	0.1306	0.05396	0.4326	0.556	0.4613	0.3837	0.4528	0.05859	0.196
TCGA-NH-A50V-01A	0.3306	0.01804	0.1031	0.06584	0.02066	0.1347	0.1208	0.5466	0.5673	0.5417	0.402	0.5096	0.5466	0.6317
TCGA-AA-A01V-01A														
TCGA-A6-3809-01A	0.3195	0.02753	0.2238	0.2303	0.1332	0.2738	0.3052	0.6029	0.5455	0.4196	0.4042	0.5093	0.1144	0.5295
TCGA-CK-5916-01A	0.5333	0.02548	0.1038	0.0783	0.02402	0.143	0.08828	0.554	0.5303	0.5784	0.3521	0.6184	0.6414	0.6055
TCGA-CM-6680-01A	0.1954	0.0143	0.1091	0.06536	0.01579	0.1095	0.0561	0.6075	0.4254	0.4723	0.2922	0.4681	0.3795	0.5305
TCGA-G4-6320-01A	0.3392	0.02685	0.3053	0.2816	0.2177	0.4377	0.4684	0.6687	0.6637	0.6359	0.4379	0.6124	0.6727	0.6895
TCGA-A6-5660-01A	0.3322	0.01867	0.119	0.1103	0.02489	0.164	0.177	0.6329	0.7034	0.734	0.5032	0.6438	0.2765	0.4808
TCGA-AA-A02J-01A														
TCGA-AA-3549-01A														
TCGA-A6-A566-01A	0.1805	0.01743	0.1108	0.07107	0.02082	0.1609	0.1414	0.4909	0.4944	0.5073	0.3975	0.3834	0.2382	0.4055
TCGA-CK-5915-01A	0.1015	0.02224	0.1356	0.0573	0.02748	0.1009	0.06255	0.7415	0.8239	0.7799	0.5435	0.8202	0.5799	0.7578
TCGA-AA-3976-01A														
TCGA-G4-6588-01A	0.4129	0.01701	0.1212	0.06953	0.02022	0.1457	0.08887	0.5719	0.5849	0.6048	0.3433	0.4978	0.5331	0.6449
TCGA-AA-3685-01A														
TCGA-QG-A5Z2-01A	0.3925	0.02345	0.1142	0.06655	0.01766	0.1199	0.08751	0.539	0.5898	0.5569	0.4549	0.4449	0.5265	0.6042
TCGA-AA-3968-01A														
TCGA-A6-2681-01A	0.1959	0.05704	0.2813	0.2455	0.1671	0.3828	0.489	0.5714	0.4931	0.497	0.3462	0.4344	0.113	0.6105
TCGA-QG-A5YX-01A	0.08476	0.01787	0.09442	0.04987	0.02549	0.08118	0.05544	0.4106	0.5626	0.4559	0.4864	0.6363	0.7605	0.5274
TCGA-DM-A28K-01A	0.1686	0.01484	0.09962	0.06297	0.01634	0.1051	0.05924	0.6277	0.7298	0.734	0.5408	0.4808	0.4405	0.7904
TCGA-AA-3553-01A														
TCGA-AA-3562-01A														
TCGA-CM-6678-01A	0.3253	0.0168	0.1335	0.1066	0.01817	0.1629	0.1604	0.5227	0.5644	0.5842	0.4326	0.5519	0.4705	0.3842
TCGA-A6-5667-01A	0.1307	0.01391	0.09019	0.05394	0.02022	0.07708	0.04839	0.5287	0.03905	0.08289	0.02132	0.2065	0.1105	0.1523
TCGA-5M-AAT4-01A	0.3639	0.05432	0.23	0.1931	0.1175	0.314	0.3432	0.5594	0.6029	0.5896	0.442	0.5087	0.5853	0.407
TCGA-AA-3525-01A														
TCGA-AA-3982-01A														
TCGA-A6-2675-01A	0.1164	0.01349	0.08819	0.04561	0.01479	0.08786	0.05581	0.4208	0.5263	0.4404	0.1907	0.4507	0.4411	0.2752
TCGA-CM-4750-01A	0.08979	0.02294	0.0692	0.05532	0.01819	0.09059	0.151	0.2597	0.4228	0.4659	0.2292	0.3855	0.08129	0.4794
TCGA-AA-3860-01A														
TCGA-G4-6626-01A	0.1302	0.01436	0.09186	0.04812	0.01474	0.1897	0.1223	0.1575	0.3707	0.4357	0.1863	0.2856	0.5514	0.5015
TCGA-A6-2685-01A	0.1257	0.01599	0.06057	0.05014	0.02803	0.09301	0.07223	0.03769	0.06627	0.07001	0.04085	0.1206	0.2012	0.3061
TCGA-A6-2684-01C	0.1275	0.03176	0.2043	0.07425	0.03429	0.1037	0.1083	0.6336	0.5148	0.5282	0.3753	0.5218	0.5778	0.5153
TCGA-A6-6782-01A	0.3342	0.02026	0.1188	0.08643	0.043	0.3467	0.4237	0.5049	0.5485	0.525	0.3907	0.4964	0.5913	0.6046
TCGA-A6-4105-01A	0.3449	0.01768	0.09182	0.05771	0.01492	0.1167	0.1237	0.5933	0.6014	0.589	0.3636	0.5346	0.5635	0.6835
TCGA-AA-3955-01A														
TCGA-AA-A02Y-01A														
TCGA-G4-6625-01A	0.1088	0.01805	0.2188	0.06019	0.03856	0.3413	0.3691	0.5104	0.4182	0.3928	0.2731	0.4066	0.3406	0.4027
TCGA-AA-3966-01A														
TCGA-AA-3681-01A														
TCGA-A6-6650-01A	0.07818	0.01743	0.1551	0.1424	0.04062	0.3571	0.4512	0.6797	0.6491	0.4601	0.4732	0.673	0.7692	0.7959
TCGA-AA-3852-01A														
TCGA-AA-3666-01A														
TCGA-AA-3516-01A														
TCGA-D5-6534-01A	0.1139	0.02412	0.1266	0.07562	0.0162	0.1242	0.08773	0.3982	0.2439	0.3187	0.1464	0.3054	0.05906	0.3003
TCGA-AA-A00K-01A														
TCGA-AD-6888-01A	0.105	0.02425	0.1686	0.08377	0.02196	0.1353	0.1386	0.5032	0.616	0.5982	0.4059	0.3586	0.0609	0.1154
TCGA-D5-5539-01A	0.1527	0.01527	0.1277	0.07154	0.02037	0.2456	0.1181	0.5917	0.5407	0.4394	0.4168	0.6016	0.5604	0.6093
TCGA-A6-6654-01A	0.1098	0.01629	0.1153	0.05981	0.01793	0.126	0.06707	0.4612	0.3761	0.4445	0.2602	0.3809	0.3055	0.4029
TCGA-AA-A01C-01A														
TCGA-AA-3941-01A														
TCGA-CM-4752-01A	0.2378	0.03431	0.2062	0.1654	0.04243	0.2431	0.3088	0.4606	0.3701	0.3904	0.2773	0.2358	0.09882	0.214
TCGA-AA-A02E-01A														
TCGA-A6-2682-01A	0.2142	0.01644	0.08052	0.05204	0.01439	0.09082	0.06662	0.3767	0.4162	0.3922	0.2983	0.3824	0.2355	0.2478
TCGA-A6-2676-01A														
TCGA-AY-4071-01A														
TCGA-AA-3821-01A														
TCGA-A6-6650-01B	0.08916	0.03116	0.1978	0.1586	0.07921	0.3905	0.4322	0.7027	0.5082	0.3764	0.3757	0.6347	0.6531	0.655
TCGA-A6-2672-01A														
TCGA-AA-3811-01A														
TCGA-D5-6928-01A	0.1594	0.02734	0.1846	0.1018	0.02381	0.1969	0.1771	0.3958	0.371	0.3679	0.2051	0.3738	0.05321	0.3753
TCGA-A6-3810-01B	0.2739	0.02148	0.07499	0.04333	0.03384	0.104	0.09729	0.3331	0.1828	0.0796	0.2256	0.3532	0.3271	0.5358
TCGA-CM-5344-01A	0.1026	0.01623	0.07937	0.05012	0.01675	0.08471	0.01879	0.4695	0.492	0.5186	0.2307	0.2476	0.3529	0.4353
TCGA-AY-5543-01A	0.102	0.01944	0.1002	0.07202	0.02066	0.135	0.07478	0.582	0.6066	0.6266	0.42	0.6438	0.5879	0.1009
TCGA-AY-4070-01A														
TCGA-CM-6163-01A	0.2966	0.01515	0.1488	0.06671	0.0193	0.1487	0.127	0.4036	0.515	0.3753	0.3972	0.4945	0.3152	0.3143
TCGA-D5-6535-01A	0.1374	0.02273	0.1858	0.1434	0.02318	0.2885	0.3255	0.5508	0.5463	0.4649	0.3415	0.4789	0.3523	0.6342
TCGA-A6-5659-01A	0.349	0.02168	0.08942	0.06386	0.02133	0.1069	0.09432	0.6287	0.6444	0.6492	0.5089	0.6266	0.2609	0.5957
TCGA-AA-3814-01A														
TCGA-NH-A5IV-01A	0.2152	0.02032	0.1148	0.05807	0.02328	0.1688	0.2356	0.6681	0.6804	0.6209	0.4786	0.426	0.4287	0.6975
TCGA-D5-6537-01A	0.1438	0.01701	0.08557	0.05542	0.01796	0.07873	0.05055	0.5364	0.6263	0.6208	0.3915	0.6165	0.5274	0.5906
TCGA-D5-6929-01A	0.2668	0.02559	0.1208	0.07948	0.02638	0.1249	0.1024	0.1612	0.3404	0.2011	0.06102	0.2592	0.05865	0.3105
TCGA-A6-6137-01A	0.4095	0.01485	0.0614	0.05581	0.02405	0.07978	0.05362	0.6019	0.6163	0.5942	0.3527	0.553	0.04212	0.3021
TCGA-F4-6854-01A	0.1628	0.06546	0.179	0.1076	0.07318	0.3734	0.426	0.5524	0.5414	0.4714	0.2929	0.5832	0.413	0.4333
TCGA-AY-A69D-01A	0.3794	0.01967	0.09065	0.0504	0.02184	0.1058	0.1252	0.5527	0.5599	0.4798	0.4224	0.523	0.6073	0.6334
TCGA-AA-3854-01A														
TCGA-AA-3538-01A														
TCGA-G4-6628-01A	0.1327	0.02172	0.1639	0.07014	0.02003	0.14	0.09388	0.5301	0.5255	0.538	0.3565	0.4137	0.4598	0.475
TCGA-CM-5349-01A	0.3525	0.01976	0.08951	0.05781	0.01658	0.08582	0.03316	0.4721	0.4393	0.4684	0.2201	0.43	0.4164	0.4959
TCGA-AA-A02W-01A														
TCGA-G4-6322-01A	0.05802	0.01356	0.2149	0.127	0.02087	0.1	0.09082	0.5564	0.6362	0.6471	0.09644	0.323	0.03321	0.1547
TCGA-CM-6170-01A	0.4223	0.0155	0.2038	0.08073	0.02139	0.1047	0.09737	0.1506	0.3276	0.3848	0.2846	0.3994	0.4585	0.358
TCGA-AA-3819-01A														
TCGA-D5-6531-01A	0.1033	0.01957	0.3318	0.2881	0.3026	0.4183	0.4149	0.6066	0.6223	0.664	0.4047	0.6506	0.7233	0.7076
TCGA-AU-3779-01A	0.07045	0.01345	0.09447	0.07861	0.0185	0.2638	0.2169	0.3562	0.4903	0.5526	0.3346	0.2664	0.2778	0.2387
TCGA-CA-6718-01A	0.3135	0.02121	0.2011	0.07331	0.0792	0.3123	0.35	0.5227	0.4909	0.5369	0.4232	0.4637	0.4262	0.6013
TCGA-AZ-4308-01A	0.07638	0.01809	0.1513	0.05709	0.01872	0.1337	0.1385	0.5444	0.2941	0.191	0.2955	0.5675	0.05777	0.5687
TCGA-AA-3662-01A	0.06442	0.01444	0.08159	0.06509	0.0178	0.08704	0.02768	0.3047	0.2955	0.4295	0.2804	0.5721	0.2074	0.4124
TCGA-G4-6627-01A	0.1688	0.01588	0.1189	0.05493	0.02246	0.1634	0.1736	0.3705	0.3119	0.3448	0.1974	0.3614	0.1813	0.3415
TCGA-AA-3862-01A														
TCGA-AA-3489-01A	0.135	0.01395	0.1341	0.1364	0.01743	0.1975	0.1893	0.4304	0.4766	0.4386	0.3283	0.3695	0.2225	0.227
TCGA-AA-3679-01A														
TCGA-CM-5868-01A	0.1282	0.01866	0.1024	0.07457	0.02086	0.1488	0.1396	0.5764	0.4997	0.3947	0.3471	0.4319	0.4065	0.2754
TCGA-AA-3930-01A														
TCGA-AA-A024-01A														
TCGA-AA-3850-01A														
TCGA-D5-6924-01A	0.1188	0.02227	0.1232	0.07094	0.02024	0.1117	0.1167	0.5099	0.5346	0.5143	0.3963	0.5632	0.3273	0.3651
TCGA-5M-AAT6-01A	0.1226	0.01668	0.1094	0.07663	0.01898	0.1106	0.06598	0.4288	0.3703	0.3377	0.03815	0.1725	0.02519	0.06744
TCGA-AA-A03J-01A														
TCGA-A6-5656-01B	0.3461	0.03914	0.3253	0.1164	0.05979	0.3893	0.3986	0.6585	0.6335	0.7022	0.462	0.5446	0.07747	0.2379
TCGA-AA-3548-01A														
TCGA-NH-A6GB-01A	0.1086	0.01447	0.0864	0.03939	0.02584	0.1168	0.08828	0.3862	0.554	0.5964	0.4603	0.4698	0.3051	0.146
TCGA-AA-A00N-01A														
TCGA-CM-5341-01A	0.3154	0.01225	0.06776	0.05622	0.01688	0.08519	0.0603	0.5414	0.4496	0.2989	0.3169	0.5223	0.2256	0.6099
TCGA-DM-A280-01A	0.1159	0.01677	0.09312	0.09193	0.01778	0.1887	0.2254	0.4529	0.4666	0.435	0.3055	0.3663	0.1072	0.43
TCGA-DM-A1HA-01A	0.07375	0.01085	0.08787	0.07191	0.01996	0.3476	0.2196	0.8312	0.8754	0.8304	0.7132	0.8468	0.922	0.9239
TCGA-WS-AB45-01A	0.2379	0.01462	0.1333	0.07578	0.03434	0.2556	0.3098	0.4025	0.2921	0.3247	0.2466	0.3108	0.231	0.3642
TCGA-A6-6651-01A	0.2263	0.01385	0.1078	0.07638	0.01939	0.125	0.08472	0.03085	0.152	0.2496	0.06003	0.2826	0.07976	0.312
TCGA-A6-2684-01A	0.1985	0.0185	0.09788	0.06589	0.02202	0.1496	0.1512	0.5916	0.4833	0.4524	0.3865	0.3708	0.6016	0.5577
TCGA-G4-6323-01A	0.1007	0.01508	0.0989	0.06133	0.01943	0.1239	0.0666	0.4549	0.4727	0.4248	0.2634	0.4522	0.06428	0.3147
TCGA-A6-2672-01B	0.3763	0.02739	0.08415	0.036	0.02413	0.1167	0.08508	0.6103	0.5864	0.6232	0.3714	0.4537	0.4197	0.6394
TCGA-AY-6196-01A	0.1339	0.0124	0.104	0.04764	0.01703	0.1306	0.07002	0.1536	0.2805	0.4152	0.1845	0.3776	0.1844	0.3957
TCGA-AA-3972-01A														
TCGA-D5-6536-01A	0.1921		0.07855	0.0582	0.04327	0.1023	0.08664	0.562	0.04436	0.3012	0.3264	0.7179	0.2273	0.4357
TCGA-AD-A5EK-01A	0.0935	0.01565	0.0786	0.03593	0.0176	0.08169	0.04601	0.6221	0.7239	0.6605	0.5219	0.1259	0.7788	0.7509
TCGA-AA-A00R-01A														
TCGA-AA-3517-01A														
TCGA-G4-6302-01A	0.2517	0.01316	0.1469	0.07394	0.03588	0.1975	0.1748	0.3576	0.274	0.2949	0.1139	0.2396	0.1406	0.2845
TCGA-AZ-4684-01A	0.1296	0.02316	0.08986	0.06254	0.02638	0.1011	0.09045	0.3909	0.4285	0.1613	0.2132	0.3136	0.3744	0.2609
TCGA-AD-6901-01A	0.1151	0.02691	0.1627	0.1065	0.03671	0.1668	0.2759	0.4631	0.4805	0.4825	0.2129	0.4719	0.3465	0.5419
TCGA-AA-3844-01A														
TCGA-AA-3846-01A														
TCGA-D5-5537-01A	0.1802	0.02119	0.1031	0.04802	0.0235	0.105	0.08087	0.5084	0.5599	0.6246	0.4888	0.4797	0.449	0.5405
TCGA-F4-6460-01A	0.1153	0.01837	0.08198	0.04967	0.02102	0.0997	0.04331	0.02622	0.07028	0.1065	0.02326	0.1609	0.08796	0.5137
TCGA-AA-A01X-01A														
TCGA-D5-5541-01A	0.4137	0.01573	0.0921	0.05492	0.01968	0.107	0.0852	0.4621	0.5858	0.5026	0.4304	0.5199	0.3264	0.2365
TCGA-CM-6167-01A	0.1277	0.01249	0.09398	0.06908	0.01816	0.124	0.1738	0.4076	0.3419	0.3687	0.2136	0.2558	0.05566	0.06031
TCGA-D5-5538-01A	0.1272	0.01414	0.1182	0.06313	0.01727	0.1123	0.07801	0.6153	0.6187	0.3968	0.2564	0.3458	0.03852	0.1562
TCGA-AZ-5403-01A	0.3102	0.01566	0.08026	0.0635	0.01921	0.0948	0.06456	0.02274	0.04996	0.1207	0.111	0.3709	0.03471	0.3421
TCGA-AA-3980-01A														
TCGA-AA-A00O-01A														
TCGA-CM-6172-01A	0.183	0.01568	0.1216	0.07753	0.02559	0.2914	0.2957	0.6632	0.6307	0.5794	0.4706	0.707	0.532	0.6916
TCGA-AA-3984-01A														
TCGA-A6-6140-01A	0.1532	0.01967	0.07531	0.03692	0.01753	0.0845	0.05011	0.2355	0.1511	0.2597	0.03174	0.4785	0.2851	0.4841
TCGA-F4-6459-01A	0.3551	0.01852	0.06968	0.04475	0.02173	0.08849	0.06447	0.1579	0.4802	0.3943	0.2398	0.433	0.1186	0.5948
TCGA-A6-2674-01A														
TCGA-AA-3692-01A														
TCGA-G4-6310-01A	0.0971	0.01579	0.09854	0.05012	0.02016	0.1338	0.0892	0.4835	0.4844	0.4465	0.3172	0.4621	0.4294	0.6221
TCGA-CM-5861-01A	0.09304	0.05633	0.1021	0.03999	0.02235	0.1116	0.088	0.6156	0.4844	0.5323	0.4588	0.5933	0.6527	0.6502
TCGA-AA-3713-01A	0.3512	0.0389	0.344	0.1351	0.1994	0.5258	0.4857	0.1688	0.4704	0.5646	0.1876	0.3068	0.1354	0.1993
TCGA-A6-2677-01B	0.1396	0.02031	0.06712	0.05934	0.02827	0.1176	0.08696	0.6224	0.5957	0.713	0.4255	0.5848	0.3615	0.5354
TCGA-A6-6648-01A	0.1341	0.01631	0.07422	0.04182	0.01558	0.1117	0.09734	0.3291	0.5182	0.5173	0.2726	0.4273	0.3213	0.5398
TCGA-AD-6963-01A	0.1859	0.02435	0.1092	0.08523	0.02337	0.1028	0.08436	0.03111	0.2996	0.2752	0.02963	0.3366	0.03604	0.06152
TCGA-AA-3673-01A														
TCGA-DM-A1D7-01A	0.205	0.01891	0.1507	0.04955	0.0135	0.1539	0.14	0.5868	0.4344	0.4078	0.311	0.5044	0.3558	0.4294
TCGA-A6-A565-01A	0.2193	0.01828	0.1397	0.05652	0.02626	0.1624	0.1702	0.2435	0.2632	0.2565	0.1047	0.1376	0.03184	0.1236
TCGA-F4-6806-01A	0.153	0.09098	0.3362	0.3394	0.3605	0.3961	0.4227	0.5917	0.6005	0.5895	0.4842	0.5658	0.4537	0.5314
TCGA-CM-5862-01A	0.4138	0.01487	0.07593	0.05669	0.02203	0.1182	0.09431	0.7298	0.8049	0.7685	0.5745	0.2197	0.5726	0.3691
TCGA-F4-6855-01A	0.3446	0.02401	0.1765	0.09313	0.02375	0.1216	0.1804	0.5786	0.565	0.4991	0.4023	0.5446	0.4689	0.4048
TCGA-NH-A50U-01A	0.3498	0.01798	0.1221	0.04829	0.0264	0.09811	0.08613	0.4845	0.514	0.3346	0.3958	0.3119	0.02965	0.1395
TCGA-AA-3697-01A	0.1182	0.03651	0.1283	0.1115	0.02887	0.2309	0.2877	0.5907	0.6293	0.6072	0.4028	0.4425	0.4405	0.3958
TCGA-AZ-6607-01A	0.1877	0.2659	0.3855	0.3617	0.5122	0.5589	0.5173	0.54	0.5235	0.4322	0.401	0.4957	0.4101	0.5136
TCGA-A6-6141-01A	0.297	0.0133	0.08175	0.04201	0.01597	0.1057	0.09634	0.5126	0.4849	0.4073	0.3214	0.4953	0.224	0.5238
TCGA-A6-6142-01A	0.1223	0.01406	0.06619	0.03459	0.02064	0.08982	0.03969	0.1098	0.2502	0.2258	0.05035	0.1219	0.03362	0.05841
TCGA-CM-6674-01A	0.1457	0.1368	0.2722	0.122	0.09941	0.4401	0.4673	0.5298	0.5148	0.5064	0.3764	0.4496	0.1676	0.4826
TCGA-F4-6461-01A	0.5153	0.4098	0.5231	0.543	0.5471	0.6526	0.5699	0.6034	0.5701	0.6071	0.3511	0.5537	0.3942	0.6216
TCGA-G4-6315-01A	0.2965	0.01485	0.09492	0.0497	0.0158	0.1004	0.06003	0.4889	0.4515	0.4801	0.2484	0.4371	0.463	0.4219
TCGA-AA-3655-01A	0.1391	0.01876	0.1284	0.09734	0.02219	0.1391	0.1112	0.6528	0.6238	0.6443	0.4268	0.3149	0.7581	0.7365
TCGA-CA-6719-01A	0.1151	0.01429	0.08595	0.06273	0.01766	0.109	0.06521	0.5847	0.5978	0.5804	0.4441	0.5367	0.5817	0.6266
TCGA-F4-6570-01A	0.3524	0.01884	0.1221	0.05526	0.01893	0.1617	0.1172	0.505	0.5453	0.5911	0.2929	0.4896	0.532	0.5902
TCGA-DM-A28C-01A	0.0833	0.01782	0.0834	0.04377	0.01888	0.108	0.07279	0.6415	0.6825	0.6887	0.523	0.7188	0.8044	0.6316
TCGA-SS-A7HO-01A	0.05882	0.01728	0.09048	0.04185	0.02044	0.1518	0.1321	0.58	0.7179	0.5863	0.5568	0.3439	0.0374	0.4206
TCGA-AA-3511-01A	0.1615	0.01408	0.331	0.2421	0.02213	0.2287	0.08172	0.5282	0.4646	0.3737	0.3253	0.4884	0.02116	0.04054
TCGA-AM-5820-01A	0.08237	0.01828	0.1149	0.08034	0.01965	0.2081	0.2953	0.5983	0.605	0.5879	0.4837	0.5073	0.05087	0.5839
TCGA-AA-3675-01A														
TCGA-AZ-6608-01A	0.08926	0.01395	0.1034	0.06232	0.01699	0.1085	0.03918	0.7551	0.3487	0.6262	0.4594	0.6323	0.03313	0.05482
TCGA-AZ-4682-01B	0.4353	0.01759	0.08897	0.04801	0.01724	0.09745	0.06424	0.1091	0.1197	0.412	0.2761	0.6973	0.04995	0.07132
TCGA-CM-6675-01A	0.494	0.0759	0.3797	0.3066	0.2636	0.4671	0.438	0.7174	0.7645	0.5303	0.4586	0.608	0.09273	0.75
TCGA-F4-6809-01A	0.3622	0.03544	0.3823	0.2643	0.3761	0.4537	0.4594	0.4172	0.4922	0.4918	0.3581	0.4818	0.2422	0.5408
TCGA-AA-A02K-01A														
TCGA-A6-3810-01A	0.2718	0.01654	0.06465	0.05839	0.02005	0.08051	0.05109	0.3818	0.2915	0.1573	0.1889	0.3095	0.3024	0.469
TCGA-DM-A28H-01A	0.06821	0.01985	0.07448	0.05228	0.01409	0.0821	0.05979	0.6224	0.5297	0.4164	0.4297	0.6459	0.05708	0.7551
TCGA-CA-6715-01A	0.07672	0.01432	0.1214	0.06819	0.01528	0.09815	0.05835	0.4407	0.6724	0.5307	0.2134	0.5785	0.03215	0.5272
TCGA-AZ-6603-01A	0.2658	0.01309	0.09737	0.04374	0.0229	0.1823	0.1811	0.4869	0.3917	0.338	0.3682	0.443	0.07696	0.7208
TCGA-QG-A5Z1-01A	0.08539	0.01647	0.1122	0.05866	0.0327	0.2062	0.2761	0.6217	0.6639	0.6037	0.4542	0.554	0.1273	0.4308
TCGA-DM-A0XF-01A	0.3756	0.04277	0.2291	0.06319	0.04164	0.3083	0.3363	0.5635	0.5126	0.5176	0.3136	0.4058	0.09705	0.4147
TCGA-D5-6923-01A	0.2291	0.03174	0.1086	0.08467	0.0229	0.1326	0.1345	0.334	0.5267	0.5359	0.324	0.5247	0.4168	0.3551
TCGA-G4-6307-01A	0.09078	0.01253	0.131	0.05484	0.01777	0.09001	0.04604	0.4548	0.5434	0.4232	0.357	0.45	0.03065	0.6273
TCGA-DM-A1DB-01A	0.07039	0.01824	0.09002	0.04163	0.01657	0.08466	0.04702	0.5915	0.4102	0.4417	0.2221	0.3812	0.07477	0.775
TCGA-AA-A022-01A														
TCGA-NH-A6GC-01A	0.4665	0.01529	0.1104	0.05732	0.01844	0.1289	0.09032	0.6375	0.6411	0.6734	0.5081	0.6908	0.7314	0.2695
TCGA-AD-6895-01A	0.1408	0.04381	0.3051	0.2438	0.09049	0.4074	0.4808	0.546	0.459	0.4481	0.3534	0.4605	0.3451	0.58
TCGA-A6-5659-01B	0.5988	0.04798	0.05136	0.05052	0.06502	0.07691	0.06003	0.9069	0.9032	0.9059	0.8166	0.8958	0.1742	0.7403
TCGA-A6-5662-01A	0.09026	0.02007	0.4177	0.1971	0.03226	0.1663	0.1109	0.7456	0.7941	0.8359	0.3985	0.8441	0.04533	0.4554
TCGA-AA-A02R-01A														
TCGA-A6-2671-01A	0.07282	0.01612	0.07574	0.05365	0.01782	0.07188	0.06081	0.5618	0.5673	0.5689	0.3805	0.5435	0.03985	0.6742
TCGA-AA-3841-01A														
TCGA-AA-3975-01A														
TCGA-A6-2679-01A	0.3143	0.1122	0.3256	0.2644	0.1657	0.4535	0.4338	0.5757	0.4876	0.4309	0.3499	0.5061	0.4157	0.3191
TCGA-D5-6930-01A	0.1911	0.03174	0.122	0.07672	0.02867	0.1546	0.1654	0.5209	0.4554	0.4395	0.3105	0.4138	0.4584	0.463
TCGA-A6-2674-01B														
TCGA-AA-3833-01A														
TCGA-AA-3667-01A														
TCGA-DM-A1D6-01A	0.1574	0.01247	0.1173	0.04594	0.01381	0.1656	0.1741	0.7132	0.7307	0.4552	0.3458	0.3852	0.6447	0.5225
TCGA-AA-A00D-01A														
TCGA-CM-4747-01A	0.1089	0.02109	0.1165	0.07716	0.08536	0.3585	0.3578	0.5942	0.5142	0.5211	0.3902	0.4555	0.5209	0.533
TCGA-AA-A004-01A														
TCGA-CK-6748-01A	0.1096	0.01096	0.103	0.05515	0.01952	0.1072	0.05637	0.07398	0.3875	0.4079	0.4419	0.7436	0.7207	0.4045
TCGA-AA-3973-01A														
TCGA-A6-5657-01A	0.2239	0.01724	0.09996	0.05459	0.021	0.1389	0.1094	0.4546	0.3664	0.4122	0.2973	0.3627	0.3335	0.3832
TCGA-AA-3688-01A														
TCGA-AA-3544-01A														
TCGA-AZ-4614-01A	0.07315	0.0146	0.07582	0.04078	0.01402	0.08406	0.05847	0.6522	0.6526	0.6521	0.4504	0.6494	0.7897	0.7966
TCGA-AA-A01Q-01A														
TCGA-CM-4746-01A	0.1704	0.01609	0.07861	0.05554	0.02125	0.07286	0.08106	0.6338	0.6233	0.4066	0.3216	0.4396	0.1624	0.427
TCGA-A6-6781-01B	0.3459	0.03438	0.04786	0.05819	0.057	0.1259	0.1064	0.361	0.3849	0.5258	0.2443	0.425	0.3403	0.3479
TCGA-AA-3502-01A	0.1224	0.02293	0.143	0.1147	0.06827	0.185	0.2065	0.6756	0.765	0.7262	0.5988	0.6223	0.2247	0.6907
TCGA-A6-6138-01A	0.2398	0.03299	0.4258	0.367	0.3919	0.5119	0.5015	0.5526	0.5342	0.5318	0.3194	0.5413	0.4824	0.5103
TCGA-AA-3510-01A	0.09358	0.01582	0.09932	0.067	0.01671	0.09349	0.1066	0.1085	0.1185	0.11	0.1791	0.4518	0.1805	0.09506
TCGA-AA-3678-01A														
TCGA-D5-6922-01A	0.1083	0.03731	0.1086	0.07665	0.02347	0.1026	0.07786	0.4351	0.5239	0.5089	0.3654	0.4645	0.05744	0.2592
TCGA-AA-3970-01A														
TCGA-AA-A00W-01A														
TCGA-DM-A28M-01A	0.1289	0.01234	0.1208	0.1205	0.01956	0.2717	0.1481	0.6029	0.6745	0.6623	0.3511	0.4743	0.5167	0.6661
TCGA-A6-A5ZU-01A	0.07694	0.01569	0.07732	0.03959	0.01846	0.09132	0.0419	0.4817	0.5856	0.3109	0.1953	0.6094	0.03538	0.4087
TCGA-AA-3977-01A														
TCGA-AA-3939-01A														
TCGA-AA-3521-01A														
TCGA-G4-6303-01A	0.1213	0.01489	0.07087	0.03213	0.01997	0.1134	0.06753	0.4972	0.6368	0.637	0.3882	0.5975	0.6361	0.6862
TCGA-AA-3994-01A														
TCGA-CM-4743-01A	0.196	0.01765	0.09315	0.06025	0.01263	0.09131	0.03749	0.4212	0.3827	0.4638	0.2097	0.3722	0.4059	0.4431
TCGA-AA-3522-01A														
TCGA-AA-3866-01A														
TCGA-AY-A8YK-01A	0.08451	0.01786	0.09663	0.05177	0.01538	0.1835	0.05289	0.3063	0.555	0.3974	0.06706	0.1437	0.0308	0.1059
TCGA-AA-3496-01A	0.09534	0.01551	0.1028	0.06026	0.01652	0.1119	0.0701	0.5053	0.571	0.5794	0.3477	0.415	0.6054	0.4195
TCGA-5M-AATE-01A	0.07157	0.01579	0.09181	0.04849	0.02104	0.09515	0.0617	0.6015	0.6015	0.5329	0.425	0.6335	0.5882	0.4762
TCGA-AA-A01Z-01A														
TCGA-AZ-4315-01A	0.2505	0.01683	0.08211	0.03784	0.01563	0.0999	0.08476	0.5653	0.5479	0.5149	0.389	0.3939	0.6018	0.5968
TCGA-G4-6311-01A	0.409	0.0143	0.141	0.09442	0.01288	0.1282	0.09901	0.4889	0.4663	0.4737	0.2689	0.3372	0.4082	0.6152
TCGA-A6-6781-01A	0.1126	0.02457	0.09661	0.06184	0.02521	0.1481	0.1295	0.4102	0.4234	0.4367	0.3178	0.4187	0.436	0.399
TCGA-D5-6533-01A	0.0713	0.0171	0.07386	0.05403	0.01615	0.09129	0.06474	0.4709	0.5947	0.5558	0.1333	0.481	0.3765	0.5118
TCGA-A6-A567-01A	0.332	0.01695	0.0788	0.04635	0.02275	0.09504	0.03533	0.125	0.5177	0.3825	0.3097	0.4572	0.05376	0.08342
TCGA-AA-A029-01A														
TCGA-CM-6677-01A	0.2464	0.02091	0.2416	0.1184	0.02988	0.2979	0.3026	0.5643	0.5887	0.5983	0.377	0.5328	0.1704	0.4214
TCGA-AA-A02F-01A														
TCGA-AA-3494-01A	0.07941	0.01592	0.1067	0.1073	0.02374	0.09255	0.07864	0.02142	0.3613	0.3611	0.02101	0.349	0.04608	0.4469
TCGA-A6-5666-01A	0.1629	0.03192	0.08939	0.03461	0.08787	0.1952	0.1021	0.584	0.5055	0.4472	0.4074	0.2605	0.2915	0.2899
TCGA-AZ-6599-01A	0.3504	0.0134	0.1226	0.06499	0.03169	0.1962	0.2222	0.3907	0.5927	0.6046	0.1519	0.4449	0.1603	0.1135
TCGA-CK-5912-01A	0.3701	0.01487	0.0931	0.05753	0.02016	0.1075	0.05252	0.507	0.7548	0.7205	0.5796	0.3731	0.04162	0.6829
TCGA-CM-6679-01A	0.1394	0.01757	0.2032	0.1741	0.1298	0.4557	0.4378	0.5684	0.3681	0.2755	0.2062	0.3868	0.3845	0.6021
TCGA-DM-A0XD-01A	0.0812	0.01166	0.1187	0.05744	0.01368	0.1165	0.07769	0.5674	0.5351	0.5617	0.353	0.5383	0.233	0.6456
TCGA-A6-3807-01A														
TCGA-G4-6294-01A	0.4564	0.01705	0.08134	0.0513	0.02551	0.1417	0.09076	0.7142	0.7526	0.7642	0.3729	0.5411	0.7172	0.6686
TCGA-CA-5796-01A	0.3315	0.02391	0.2159	0.1167	0.07862	0.3112	0.3153	0.6338	0.6422	0.606	0.4636	0.6355	0.5055	0.567
TCGA-CM-5864-01A	0.08752	0.01384	0.08226	0.04746	0.02065	0.1882	0.2176	0.5121	0.4151	0.431	0.4162	0.5979	0.7651	0.1448
TCGA-CA-6716-01A	0.1247	0.01654	0.1201	0.05377	0.02022	0.2512	0.2578	0.6785	0.7175	0.7285	0.506	0.5986	0.8196	0.7983
TCGA-D5-6926-01A	0.2707	0.02354	0.1601	0.1063	0.03021	0.2352	0.2268	0.4901	0.4991	0.5066	0.2366	0.3387	0.5469	0.2517
TCGA-AZ-5407-01A	0.3464	0.02983	0.2636	0.1821	0.1014	0.4207	0.4526	0.6142	0.5612	0.4343	0.408	0.5402	0.4317	0.4931
TCGA-CA-5797-01A	0.09623	0.01264	0.06696	0.05678	0.01285	0.08799	0.02599	0.02296	0.1087	0.09343	0.01863	0.1891	0.1175	0.07521
TCGA-AA-A00L-01A														
TCGA-AM-5821-01A	0.2769	0.01954	0.2789	0.1709	0.05115	0.2883	0.3234	0.5418	0.5314	0.4912	0.4151	0.3822	0.1124	0.3533
TCGA-AA-A017-01A														
TCGA-D5-6530-01A	0.4355	0.01701	0.1457	0.08947	0.02213	0.2174	0.1606	0.5452	0.533	0.5895	0.329	0.5559	0.3736	0.5543
TCGA-CM-6165-01A	0.3416	0.01524	0.1868	0.1178	0.08331	0.4401	0.4731	0.6471	0.6634	0.6197	0.4277	0.5055	0.4215	0.777
TCGA-AA-3979-01A														
TCGA-QL-A97D-01A	0.2742	0.03059	0.2789	0.272	0.3147	0.4502	0.4915	0.584	0.608	0.5635	0.4278	0.5401	0.6229	0.5395
TCGA-G4-6297-01A	0.07674	0.01453	0.09272	0.05449	0.01595	0.1542	0.0932	0.5597	0.5622	0.6289	0.278	0.5088	0.0614	0.232
TCGA-AA-3864-01A														
TCGA-CK-6746-01A	0.1311	0.01212	0.09646	0.05702	0.01567	0.08858	0.0631	0.6986	0.7126	0.744	0.5897	0.5514	0.4492	0.3307
TCGA-DM-A28E-01A	0.08744	0.02713	0.09968	0.06358	0.02234	0.1296	0.1313	0.5813	0.4548	0.1098	0.2471	0.6965	0.05647	0.3351
TCGA-A6-5656-01A	0.3573	0.04461	0.4277	0.2492	0.2944	0.4978	0.4989	0.578	0.6944	0.6638	0.513	0.5586	0.1252	0.3143
TCGA-A6-6652-01A	0.06528	0.02993	0.1149	0.06015	0.02103	0.1476	0.07905	0.1637	0.6056	0.7544	0.409	0.7419	0.5806	0.1977
TCGA-AA-3693-01A														
TCGA-A6-2677-01A	0.07938	0.01686	0.07242	0.05566	0.02271	0.09036	0.07787	0.6558	0.7463	0.7214	0.5782	0.6037	0.5426	0.5755
TCGA-CM-6164-01A	0.129	0.01816	0.09828	0.05914	0.01494	0.117	0.06094	0.1521	0.1967	0.2363	0.08645	0.3869	0.1416	0.1611
TCGA-D5-5540-01A	0.1941	0.07851	0.3134	0.1918	0.1204	0.2869	0.3337	0.7138	0.4583	0.5536	0.5278	0.5787	0.4919	0.8048
TCGA-CM-6166-01A	0.1768	0.04166	0.2902	0.1714	0.1541	0.3692	0.4192	0.4803	0.405	0.4732	0.3837	0.6278	0.121	0.2554
TCGA-G4-6298-01A	0.1055	0.0167	0.08342	0.04517	0.01822	0.088	0.06335	0.5343	0.4692	0.5083	0.3235	0.3926	0.5901	0.5994
TCGA-4N-A93T-01A	0.07798	0.06222	0.2132	0.1014	0.06388	0.4823	0.4942	0.6457	0.6716	0.6209	0.5057	0.6793	0.4518	0.4875
TCGA-RU-A8FL-01A	0.07082	0.02352	0.1438	0.1412	0.04222	0.2297	0.2927	0.6354	0.5926	0.5731	0.4565	0.589	0.1672	0.5333
TCGA-D5-6532-01A	0.06232	0.0138	0.2537	0.07543	0.0628	0.4127	0.4641	0.6087	0.6197	0.6198	0.404	0.5663	0.0814	0.4799
TCGA-D5-6898-01A	0.3936	0.0205	0.1213	0.07316	0.0207	0.1265	0.09328	0.2318	0.4681	0.3241	0.2728	0.4475	0.04287	0.08968
TCGA-DM-A1D0-01A	0.08441	0.01132	0.1193	0.05791	0.01517	0.08944	0.0672	0.4567	0.5117	0.7437	0.5125	0.2418	0.02822	0.03234
TCGA-CM-6676-01A	0.1045	0.01799	0.1343	0.09192	0.02074	0.1781	0.1436	0.5252	0.4875	0.4533	0.356	0.3155	0.1754	0.409
TCGA-AA-A01F-01A														
TCGA-NH-A8F7-01A	0.0669	0.02252	0.1287	0.2598	0.02826	0.2994	0.07236	0.4776	0.5278	0.4631	0.5102	0.4438	0.02722	0.5052
TCGA-A6-A56B-01A	0.3982	0.02255	0.1006	0.06687	0.02144	0.1389	0.1355	0.5284	0.6126	0.5737	0.407	0.4543	0.3338	0.2749
TCGA-CK-6751-01A	0.2489	0.01536	0.1965	0.1992	0.07831	0.4816	0.4492	0.595	0.5823	0.6161	0.4519	0.5442	0.2163	0.3557
TCGA-A6-3809-01B	0.3618	0.06428	0.3114	0.3729	0.2231	0.4218	0.329	0.7142	0.7186	0.7352	0.5506	0.8315	0.1197	0.5963
TCGA-AA-3495-01A	0.3527	0.05287	0.1075	0.07051	0.01637	0.1047	0.115	0.5523	0.504	0.4777	0.3587	0.4543	0.09138	0.5739
TCGA-DM-A288-01A	0.1145	0.168	0.1251	0.09226	0.04489	0.2447	0.3044	0.6711	0.7056	0.67	0.4841	0.605	0.7479	0.7887
TCGA-AA-A00Q-01A														
TCGA-AA-A01P-01A														
TCGA-AA-A02H-01A														
TCGA-AZ-4681-01A	0.06686	0.0714	0.09818	0.05564	0.02295	0.128	0.2146	0.05929	0.3979	0.376	0.2638	0.1703	0.24	0.1559
TCGA-A6-2670-01A														
TCGA-AA-3558-01A														
TCGA-AA-3695-01A														
TCGA-AA-3967-01A														
TCGA-NH-A50V-01B														