sample	cg03578473	cg20709008	cg01863682	cg09942248	cg03767531	cg19711579	cg08327269	cg06963053	cg22359606	cg01789478	cg01897496	cg02836529	cg22976218	cg06714480	cg20806345	cg16640855	cg11528849	cg01431993	cg00369376
TCGA-NH-A8F7-06A	0.4654	0.04713	0.04746	0.01628	0.02768	0.02639	0.01387	0.01399	0.03537	0.07071	0.03017	0.5978	0.7868	0.8135	0.8448	0.8945	0.354	0.07205	0.08771
TCGA-NH-A6GC-06A																			
TCGA-G4-6317-02A	0.31	0.06226	0.1463	0.3572	0.02862	0.03213	0.01206	0.01285	0.3339	0.3987	0.3669	0.03196	0.4063	0.5073	0.9178	0.9393	0.3091	0.1518	0.2644
TCGA-AZ-6599-11A	0.1439	0.09783	0.3713	0.1093	0.2341	0.2564	0.07253	0.03788	0.2004	0.277	0.3101	0.2077	0.4296	0.4349	0.7092	0.5726	0.2464	0.09875	0.3942
TCGA-AA-3655-11A	0.1637	0.05816	0.3944	0.08842	0.2151	0.2386	0.07104	0.02411	0.1504	0.141	0.3959	0.1817	0.3011	0.3461	0.6953	0.3525	0.1665	0.08595	0.3575
TCGA-AA-3525-11A																			
TCGA-AZ-6603-11A																			
TCGA-A6-2683-11A																			
TCGA-AZ-6601-11A	0.1297	0.07453	0.3569	0.07971	0.2465	0.257	0.06727	0.03663	0.1758	0.2103	0.3211	0.186	0.36	0.361	0.6425	0.4813	0.4708	0.2652	0.3523
TCGA-AZ-6600-11A	0.2374	0.05983	0.3502	0.05983	0.2044	0.2401	0.05717	0.01407	0.1545	0.2323	0.3756	0.18	0.4005	0.4057	0.6735	0.6177	0.1079	0.04818	0.417
TCGA-A6-2671-11A	0.3827	0.1697	0.4631	0.2093	0.2633	0.2714	0.1493	0.04892	0.2439	0.3007	0.4142	0.2371	0.5112	0.4895	0.809	0.6516	0.546	0.3681	0.4155
TCGA-F4-6704-11A																			
TCGA-AA-3511-11A																			
TCGA-AZ-6598-11A	0.2548	0.08839	0.3864	0.1463	0.2747	0.3	0.1132	0.04767	0.2453	0.2932	0.3698	0.2615	0.4215	0.4723	0.7003	0.5436	0.3099	0.1329	0.4149
TCGA-AA-3662-11A																			
TCGA-A6-2682-11A	0.2386	0.09189	0.3701	0.1988	0.2638	0.2915	0.1362	0.03584	0.2025	0.2906	0.4026	0.2036	0.4761	0.4528	0.7887	0.6086	0.2809	0.1408	0.3989
TCGA-AA-3660-11A	0.1192	0.07391	0.3187	0.1481	0.2231	0.2403	0.1087	0.0294	0.1469	0.2093	0.3842	0.1453	0.328	0.3585	0.682	0.5581	0.3686	0.1483	0.291
TCGA-AA-3712-11A	0.2288	0.07982	0.3351	0.1527	0.2627	0.2892	0.1368	0.06457	0.2199	0.2358	0.4152	0.2113	0.4436	0.4244	0.6723	0.5231	0.3876	0.2316	0.3604
TCGA-A6-2678-11A																			
TCGA-AA-3489-11A																			
TCGA-AA-3697-11A	0.17	0.09937	0.2996	0.1165	0.1878	0.2239	0.0762	0.03376	0.1794	0.2205	0.3433	0.1703	0.3613	0.4095	0.6111	0.442	0.1798	0.1026	0.3133
TCGA-AA-3713-11A	0.1909	0.07284	0.3007	0.04436	0.1168	0.1656	0.0373	0.01942	0.1094	0.1876	0.318	0.1668	0.3778	0.3698	0.6927	0.4337	0.09045	0.04255	0.3314
TCGA-AA-3514-11A																			
TCGA-A6-2685-11A	0.1841	0.07083	0.2638	0.1213	0.201	0.2176	0.09071	0.02555	0.1401	0.2416	0.3174	0.1269	0.3604	0.3055	0.6575	0.4368	0.1362	0.06968	0.2857
TCGA-AA-3520-11A																			
TCGA-A6-5667-11A	0.08614	0.04384	0.2468	0.0565	0.1838	0.217	0.05876	0.01736	0.1305	0.1164	0.2968	0.08857	0.2652	0.2642	0.7263	0.3523	0.1383	0.07063	0.2867
TCGA-AA-3518-11A																			
TCGA-A6-2684-11A	0.2605	0.1148	0.3881	0.1329	0.2434	0.2775	0.13	0.03252	0.236	0.3193	0.357	0.2417	0.5856	0.4847	0.7904	0.6814	0.3028	0.1215	0.4379
TCGA-AA-3663-11A	0.1002	0.05493	0.2272	0.0484	0.1505	0.1616	0.04574	0.02448	0.1436	0.1423	0.2234	0.1364	0.2136	0.2978	0.5567	0.281	0.08691	0.04781	0.2796
TCGA-A6-2686-11A	0.313	0.2374	0.4236	0.171	0.2283	0.275	0.1347	0.03791	0.2323	0.3585	0.3598	0.2902	0.6344	0.5363	0.8239	0.7016	0.3727	0.1864	0.3966
TCGA-A6-2679-11A	0.2589	0.1277	0.4003	0.153	0.1971	0.239	0.1001	0.02776	0.2018	0.3069	0.3074	0.2567	0.5115	0.4677	0.8485	0.6404	0.2729	0.1251	0.3983
TCGA-AA-3534-11A																			
TCGA-AA-3522-11A																			
TCGA-AA-3527-11A																			
TCGA-AA-3531-11A																			
TCGA-A6-5662-11A																			
TCGA-A6-5665-11A																			
TCGA-AA-3516-11A																			
TCGA-AA-3496-11A																			
TCGA-A6-5659-11A																			
TCGA-A6-2680-11A	0.3875	0.05429	0.1637	0.01722	0.05725	0.05656	0.01767	0.01816	0.04114	0.1302	0.1093	0.04643	0.1172	0.2298	0.6495	0.4397	0.05901	0.03838	0.3686
TCGA-AA-3517-11A																			
TCGA-A6-2675-11A	0.1056	0.1269	0.3306	0.0982	0.2472	0.2825	0.08026	0.04598	0.1313	0.2324	0.2875	0.1425	0.4028	0.2922	0.5851	0.3564	0.2704	0.09083	0.2974
TCGA-AZ-6605-11A																			
TCGA-G4-6625-11A	0.2412	0.07003	0.3936	0.1324	0.2703	0.2613	0.08849	0.0325	0.1994	0.3007	0.4944	0.1994	0.4135	0.436	0.7925	0.6092	0.434	0.2684	0.3812
TCGA-G4-6322-11A	0.1923	0.08739	0.4274	0.1367	0.2455	0.2926	0.1561	0.04333	0.2263	0.2325	0.4302	0.2361	0.4234	0.4587	0.7857	0.6219	0.2534	0.1338	0.3709
TCGA-G4-6302-11A	0.2256	0.216	0.4281	0.1879	0.3316	0.3453	0.0584	0.1077	0.221	0.2618	0.4033	0.3665	0.5704	0.4575	0.2531	0.5265		0.3071	0.4118
TCGA-G4-6311-11A	0.3022	0.1319	0.4679	0.1577	0.2659	0.2944	0.1056	0.03698	0.2299	0.2437	0.4081	0.3271	0.5363	0.5631	0.7214	0.6503	0.457	0.1684	0.4484
TCGA-AA-3492-11A	0.2671	0.1583	0.4236	0.2318	0.275	0.2899	0.1462	0.04814	0.2645	0.353	0.3794	0.2308	0.4936	0.4967	0.7948	0.5716	0.3537	0.263	0.3702
TCGA-G4-6320-11A	0.3054	0.1381	0.4228	0.2201	0.2842	0.2858	0.1562	0.06828	0.2617	0.2927	0.4061	0.2592	0.5923	0.5104	0.7801	0.6794	0.4764	0.3138	0.3661
TCGA-A6-2681-11A	0.1881	0.07623	0.3854	0.1397	0.2235	0.2387	0.09907	0.03599	0.2001	0.274	0.3248	0.2309	0.4651	0.4097	0.8027	0.6196	0.1615	0.0521	0.4126
TCGA-AA-3488-11A	0.1434	0.07962	0.3011	0.1035	0.1872	0.2493	0.07151	0.02099	0.1508	0.2532	0.3243	0.1342	0.3204	0.3204	0.6289	0.4673	0.1619	0.0889	0.3016
TCGA-G4-6295-11A	0.2378	0.05567	0.4199	0.1315	0.231	0.2629	0.1289	0.03488	0.2114	0.2446	0.4081	0.2351	0.4123	0.4733	0.7558	0.7103	0.359	0.06779	0.3132
TCGA-AA-3502-11A	0.1694	0.1139	0.2703	0.1407	0.2159	0.2291	0.1103	0.03712	0.1988	0.3049	0.3509	0.2119	0.4655	0.401	0.6875	0.5192	0.1554	0.08474	0.3549
TCGA-G4-6297-11A	0.1507	0.06292	0.3389	0.06969	0.1827	0.2018	0.05874	0.01827	0.1511	0.1578	0.3921	0.2263	0.3326	0.4146	0.6586	0.4068	0.1492	0.06325	0.3528
TCGA-AA-3495-11A	0.2203	0.1463	0.3395	0.1637	0.2327	0.245	0.1126	0.03213	0.2	0.301	0.3324	0.2176	0.4755	0.4432	0.8063	0.5799	0.2936	0.1537	0.336
TCGA-G4-6314-11A	0.2824	0.1053	0.3851	0.1385	0.274	0.2359	0.1077	0.03879	0.2382	0.2241	0.3846	0.2989	0.5165	0.5246	0.7922	0.5613	0.249	0.1302	0.3789
TCGA-AA-3506-11A	0.1916	0.1027	0.3328	0.1148	0.2138	0.236	0.106	0.03124	0.1691	0.2781	0.2592	0.1607	0.3871	0.3588	0.6775	0.4717	0.203	0.1151	0.2854
TCGA-AA-3509-11A	0.1163	0.06055	0.1902	0.06634	0.1352	0.1418	0.02816	0.01641	0.09818	0.1868	0.2564	0.1155	0.2548	0.2564	0.5015	0.3092	0.1309	0.06039	0.2797
TCGA-G4-6298-11A	0.2579	0.1375	0.4988	0.1512	0.2907	0.339	0.07616	0.05849	0.3388	0.2273	0.416	0.3705	0.6482	0.6072	0.7353	0.6625		0.2766	0.4601
TCGA-AA-3494-11A	0.1247	0.05982	0.255	0.09666	0.1718	0.1999	0.05111	0.02331	0.1416	0.2208	0.3468	0.1401	0.3297	0.2965	0.6568	0.4604	0.1373	0.07436	0.3096
TCGA-AA-3510-11A	0.2202	0.08988	0.3272	0.1256	0.1811	0.194	0.07343	0.02375	0.1423	0.2311	0.3185	0.1836	0.4025	0.3956	0.6815	0.5342	0.188	0.07749	0.3177
TCGA-A6-4107-11A	0.1627	0.0531	0.2573	0.07481	0.1572	0.1751	0.05325	0.02208	0.1002	0.2383	0.2942	0.1893	0.3803	0.3507	0.6185	0.3713	0.09473	0.05274	0.3501
TCGA-A6-2672-11A																			
TCGA-A6-2674-11A																			
TCGA-A6-2676-11A																			
TCGA-A6-2677-11A																			
TCGA-A6-3807-11A																			
TCGA-A6-3808-11A																			
TCGA-A6-3809-11A																			
TCGA-A6-3810-11A																			
TCGA-A6-5657-11A																			
TCGA-A6-5660-11A																			
TCGA-A6-5661-11A																			
TCGA-A6-5666-11A																			
TCGA-AA-3519-11A																			
TCGA-AA-3521-11A																			
TCGA-AA-3524-11A																			
TCGA-AA-3526-11A																			
TCGA-AA-3529-11A																			
TCGA-AA-3530-11A																			
TCGA-AA-3532-11A																			
TCGA-AA-A01P-11A																			
TCGA-AA-A01R-11A																			
TCGA-AA-A01S-11A																			
TCGA-AA-A01T-11A																			
TCGA-AA-A01V-11A																			
TCGA-AA-A01X-11A																			
TCGA-AA-A01Z-11A																			
TCGA-AA-A022-11A																			
TCGA-AA-A02O-11A																			
TCGA-AA-A03F-11A																			
TCGA-AA-A03J-11A																			
TCGA-AZ-6606-11A																			
TCGA-AZ-6607-11A																			
TCGA-AZ-6608-11A																			
TCGA-AA-A00J-01A																			
TCGA-AA-3492-01A	0.8205	0.9099	0.7455	0.7184	0.633	0.6974	0.6412	0.6336	0.7427	0.8061	0.6873	0.6835	0.8343	0.7557	0.8115	0.7487	0.8441	0.8203	0.6256
TCGA-G4-6314-01A	0.3893	0.06512	0.617	0.2709	0.2836	0.3753	0.2837	0.0339	0.5592	0.6087	0.4501	0.1906	0.5054	0.5065	0.742	0.5654	0.0793	0.03498	0.2053
TCGA-A6-6653-01A	0.3361	0.8517	0.8468	0.7876	0.6795	0.7901	0.6778	0.6414	0.8408	0.8337	0.7432	0.7676	0.8729	0.7944	0.7846	0.784	0.851	0.8301	0.6372
TCGA-CK-5913-01A	0.1468	0.4785	0.7041	0.2315	0.2023	0.3419	0.2405	0.02411	0.4575	0.4454	0.7104	0.5061	0.7519	0.5567	0.8699	0.6987	0.8117	0.6359	0.16
TCGA-AD-6965-01A	0.322	0.2806	0.3269	0.5462	0.31	0.4367	0.3532	0.06944	0.3518	0.4136	0.4759	0.1952	0.2203	0.3467	0.8295	0.8498	0.8628	0.7939	0.3159
TCGA-AA-3672-01A																			
TCGA-AA-A00U-01A																			
TCGA-AA-3815-01A																			
TCGA-AA-3518-01A																			
TCGA-AA-3555-01A																			
TCGA-A6-5661-01A	0.4473	0.7152	0.7346	0.5637	0.5823	0.6696	0.5269	0.2245	0.7315	0.6397	0.6634	0.5165	0.7774	0.7245	0.8283	0.7021	0.7575	0.6712	0.4794
TCGA-AA-A00E-01A																			
TCGA-AD-6889-01A	0.7379	0.9072	0.7697	0.8392	0.6504	0.7386	0.7496	0.7011	0.7312	0.7912	0.7935	0.882	0.9197	0.8619	0.8737	0.8005	0.8636	0.8499	0.5258
TCGA-AA-A02O-01A																			
TCGA-A6-5665-01A	0.6042	0.7731	0.7563	0.4347	0.4151	0.4471	0.3116	0.3674	0.4445	0.5593	0.6671	0.7504	0.7874	0.7192	0.8006	0.7338	0.7993	0.6766	0.4298
TCGA-AA-3664-01A																			
TCGA-AA-3514-01A																			
TCGA-G4-6586-01A	0.1015	0.6436	0.7315	0.567	0.5395	0.6124	0.478	0.07452	0.6404	0.6662	0.5862	0.5883	0.6823	0.6972	0.8433	0.639	0.7746	0.6798	0.2616
TCGA-AA-A01R-01A																			
TCGA-DM-A1HB-01A	0.4882	0.6468	0.6788	0.5465	0.5039	0.6046	0.5004	0.3528	0.5124	0.6314	0.6468	0.6904	0.8176	0.7221	0.8267	0.6689	0.7986	0.6775	0.3622
TCGA-AA-3842-01A																			
TCGA-AZ-6598-01A	0.3472	0.8029	0.8289	0.5845	0.5772	0.7683	0.6008	0.4694	0.7069	0.7024	0.7893	0.7832	0.8788	0.8113	0.8922	0.8464	0.8345	0.8482	0.3562
TCGA-CM-6171-01A	0.7369	0.7946	0.7729	0.6421	0.4713	0.6014	0.4499	0.6045	0.6951	0.7472	0.7367	0.8289	0.9086	0.8106	0.8337	0.7505	0.7846	0.8459	0.2306
TCGA-AZ-6601-01A	0.3476	0.3705	0.5708	0.2207	0.4307	0.4364	0.3041	0.1291	0.4095	0.4906	0.493	0.3381	0.5962	0.6111	0.6795	0.5175	0.4381	0.4596	0.3965
TCGA-G4-6304-01A	0.3743	0.08303	0.2015	0.2595	0.1913	0.2166	0.08604	0.07164	0.2262	0.2915	0.1862	0.3329	0.4033	0.3859	0.4735	0.3318	0.1908	0.07069	0.3072
TCGA-AA-3848-01A																			
TCGA-CK-6747-01A	0.7217	0.6847	0.5017	0.3345	0.1082	0.09741	0.03211	0.02897	0.3063	0.392	0.4521	0.5115	0.831	0.771	0.8851	0.7749	0.5548	0.451	0.3126
TCGA-AA-3712-01A	0.329	0.03535	0.08014	0.01727	0.095	0.2065	0.09373	0.01477	0.06359	0.1385	0.08209	0.04584	0.06249	0.09165	0.8734	0.7075	0.7949	0.5336	0.4469
TCGA-AA-3952-01A																			
TCGA-AA-3527-01A																			
TCGA-AD-A5EJ-01A	0.7287	0.7184	0.7334	0.4589	0.4017	0.4643	0.3754	0.2663	0.4403	0.5061	0.6484	0.6787	0.7437	0.7101	0.7771	0.7374	0.6745	0.6976	0.4057
TCGA-G4-6299-01A	0.6056	0.4795	0.6775	0.3805	0.3935	0.3855	0.2341	0.2232	0.4018	0.4692	0.5199	0.5316	0.6533	0.6846	0.7	0.5158	0.42	0.5334	0.2648
TCGA-AA-3680-01A																			
TCGA-AA-A03F-01A																			
TCGA-AA-A01G-01A																			
TCGA-AA-3531-01A																			
TCGA-AA-3520-01A																			
TCGA-AA-A01D-01A																			
TCGA-5M-AATA-01A	0.241	0.06154	0.2729	0.09361	0.1833	0.2275	0.2592	0.276	0.3496	0.3581	0.2875	0.1178	0.2904	0.2897	0.6744	0.6307	0.5877	0.4133	0.2685
TCGA-CM-4751-01A	0.4846	0.1596	0.4044	0.2964	0.2731	0.3263	0.2094	0.1624	0.3087	0.354	0.3759	0.3039	0.4241	0.4448	0.7774	0.6013	0.4528	0.4471	0.498
TCGA-AD-5900-01A	0.4527	0.3284	0.567	0.4205	0.4873	0.5388	0.4001	0.3343	0.5508	0.5371	0.5364	0.4378	0.7115	0.5946	0.6339	0.5205	0.4641	0.5548	0.3428
TCGA-G4-6295-01A	0.07526	0.02178	0.4802	0.01673	0.2782	0.3224	0.1905	0.08572	0.2273	0.2709	0.4174	0.04378	0.09286	0.07733	0.6703	0.8427	0.6143	0.02722	0.1361
TCGA-AZ-4615-01A	0.4953	0.6716	0.616	0.483	0.4724	0.5558	0.475	0.2934	0.5359	0.6474	0.5604	0.5588	0.6815	0.6278	0.6668	0.5864	0.619	0.6327	0.2378
TCGA-F4-6808-01A	0.07032	0.3038	0.2976	0.1469	0.3047	0.3783	0.2537	0.1656	0.3985	0.4327	0.3487	0.07346	0.2117	0.4627	0.8202	0.7122	0.6309	0.2064	0.3351
TCGA-AA-3660-01A	0.6769	0.1828	0.7777	0.545	0.6181	0.7004	0.5505	0.6031	0.7414	0.7339	0.6754	0.674	0.7756	0.7485	0.7798	0.6983	0.7518	0.7662	0.6092
TCGA-AZ-4616-01A	0.6621	0.3732	0.4579	0.3102	0.3626	0.4155	0.2798	0.2478	0.4118	0.4472	0.4121	0.6521	0.7141	0.6714	0.836	0.6053	0.5686	0.5582	0.5491
TCGA-D5-6539-01A	0.2176	0.1049	0.4503	0.1058	0.2899	0.3057	0.1809	0.01996	0.3472	0.3096	0.4423	0.0824	0.4525	0.3967	0.7827	0.5374	0.2214	0.09162	0.2819
TCGA-G4-6317-01A	0.3486	0.03997	0.5763	0.01571	0.04237	0.04537	0.01773	0.01762	0.06337	0.08192	0.1242	0.04378	0.08858	0.1132	0.8202	0.7841	0.8015	0.2023	0.3507
TCGA-4T-AA8H-01A	0.5102	0.167	0.5511	0.179	0.2616	0.2493	0.1552	0.03272	0.153	0.2511	0.2502	0.07416	0.2691	0.5424	0.7941	0.8166	0.8147	0.8056	0.3235
TCGA-DM-A285-01A	0.3458	0.09523	0.2778	0.09812	0.2023	0.1862	0.0825	0.02188	0.1947	0.2493	0.2337	0.3415	0.5919	0.6035	0.6772	0.4195	0.2359	0.1818	0.2432
TCGA-AY-6197-01A	0.9117	0.338	0.6004	0.03517	0.03405	0.06387	0.03552	0.05894	0.09457	0.1031	0.1576	0.8611	0.8073	0.7066	0.7515	0.6355	0.7234	0.7571	0.5771
TCGA-AA-3506-01A	0.5411	0.3194	0.4293	0.3236	0.3163	0.3533	0.2442	0.2518	0.4021	0.4409	0.3247	0.3271	0.4307	0.4663	0.8305	0.6792	0.6673	0.6077	0.4947
TCGA-AA-3949-01A																			
TCGA-DM-A28F-01A	0.1924	0.6615	0.6561	0.4758	0.2746	0.3379	0.2308	0.1192	0.5153	0.5767	0.5421	0.7036	0.6756	0.5748	0.894	0.7526	0.4933	0.22	0.2101
TCGA-CA-6717-01A	0.4593	0.383	0.4525	0.361	0.3403	0.4252	0.205	0.07625	0.4011	0.4299	0.4688	0.4796	0.6092	0.5529	0.6665	0.5708	0.28	0.2498	0.4031
TCGA-DM-A28A-01A	0.4826	0.3559	0.5008	0.3244	0.3695	0.4067	0.2937	0.04366	0.41	0.4685	0.3994	0.652	0.8218	0.8428	0.8467	0.8395	0.7603	0.7558	0.2052
TCGA-QG-A5YW-01A	0.2355	0.04386	0.3335	0.2829	0.07365	0.05285	0.01613	0.01798	0.302	0.3209	0.4302	0.3045	0.5043	0.6512	0.874	0.8437	0.3532	0.07962	0.3427
TCGA-AA-3524-01A																			
TCGA-AZ-6606-01A	0.7863	0.8099	0.7911	0.657	0.541	0.7464	0.5819	0.62	0.7837	0.7598	0.7821	0.7901	0.8279	0.8242	0.826	0.759	0.7765	0.7995	0.6983
TCGA-AA-3989-01A																			
TCGA-AA-3488-01A	0.1056	0.04993	0.6391	0.01939	0.05718	0.05741	0.01711	0.01435	0.04715	0.1597	0.4209	0.05319	0.3035	0.7789	0.8208	0.8805	0.2919	0.05814	0.4316
TCGA-AA-3855-01A																			
TCGA-CM-4748-01A	0.08744	0.3224	0.3959	0.4371	0.306	0.3721	0.1447	0.07776	0.5398	0.5295	0.5475	0.5376	0.7098	0.6422	0.7295	0.6209	0.5532	0.4901	0.3117
TCGA-F4-6807-01A	0.5097	0.2534	0.4621	0.4409	0.4159	0.5371	0.3838	0.4927	0.5708	0.5898	0.5389	0.3749	0.4068	0.3501	0.7597	0.5708	0.3938	0.2504	0.4147
TCGA-AA-3534-01A																			
TCGA-F4-6704-01A	0.1359	0.03494	0.2829	0.02438	0.1007	0.1053	0.01693	0.01524	0.1386	0.165	0.5601	0.3785	0.6841	0.6507	0.7923	0.642	0.3084	0.06006	0.2672
TCGA-AA-3869-01A																			
TCGA-D5-6538-01A	0.7775	0.1088	0.7399	0.648	0.619	0.7457	0.5342	0.7596	0.8788	0.8316	0.914	0.6112	0.7218	0.6821	0.831	0.9437	0.8942	0.9111	0.6853
TCGA-AA-A01T-01A																			
TCGA-DM-A1DA-01A	0.6208	0.2841	0.4044	0.2599	0.3034	0.312	0.2459	0.2268	0.2459	0.3755	0.3504	0.3417	0.4775	0.4171	0.9356	0.8717	0.909	0.8922	0.465
TCGA-CA-5256-01A	0.3409	0.04828	0.1546	0.01777	0.05426	0.0428	0.01561	0.01443	0.1179	0.1997	0.05715	0.2549	0.394	0.4592	0.8393	0.8305	0.4156	0.101	0.2392
TCGA-AA-3986-01A																			
TCGA-AA-3543-01A																			
TCGA-AA-A01S-01A																			
TCGA-CM-6168-01A	0.4718	0.1712	0.3404	0.1717	0.2771	0.2774	0.1448	0.1093	0.3028	0.3145	0.2903	0.4259	0.531	0.4977	0.7564	0.4451	0.3232	0.324	0.4401
TCGA-A6-6780-01A	0.4197	0.6957	0.6971	0.6154	0.5309	0.6433	0.5333	0.1857	0.641	0.6901	0.6376	0.6748	0.7609	0.7141	0.8607	0.6931	0.7799	0.6526	0.2152
TCGA-CA-5254-01A	0.6219	0.7835	0.7777	0.4714	0.6571	0.7339	0.5896	0.5976	0.7602	0.7133	0.7453	0.7075	0.8532	0.7692	0.8438	0.6944	0.8062	0.7744	0.3719
TCGA-CK-5914-01A	0.6758	0.833	0.8633	0.7837	0.6915	0.7912	0.73	0.7583	0.805	0.8255	0.7929	0.6448	0.7208	0.8295	0.8694	0.8063	0.9104	0.8542	0.6096
TCGA-AA-3554-01A																			
TCGA-AA-3696-01A																			
TCGA-CM-5863-01A	0.162	0.09074	0.2817	0.2081	0.3147	0.3678	0.2605	0.1687	0.3999	0.4322	0.5255	0.2806	0.5637	0.533	0.7373	0.5948	0.4099	0.2752	0.2604
TCGA-D5-6931-01A	0.0935	0.4302	0.4503	0.5847	0.3888	0.4955	0.4209	0.06172	0.4878	0.5412	0.5466	0.5577	0.6494	0.6207	0.8437	0.6094	0.6159	0.5787	0.2887
TCGA-AY-A71X-01A	0.2075	0.532	0.8284	0.4563	0.4155	0.5002	0.3582	0.04346	0.4172	0.4101	0.9255	0.3671	0.892	0.8912	0.884	0.924	0.8341	0.7992	0.2789
TCGA-DM-A28G-01A	0.4295	0.4468	0.6645	0.4146	0.5084	0.6197	0.505	0.3445	0.5797	0.6994	0.6063	0.06012	0.7338	0.6858	0.8129	0.7084	0.5561	0.4006	0.3856
TCGA-A6-6649-01A	0.637	0.5605	0.7194	0.5419	0.5554	0.5893	0.4502	0.4545	0.6157	0.6157	0.5874	0.5877	0.7029	0.7141	0.8187	0.6839	0.5309	0.4513	0.293
TCGA-F4-6569-01A	0.5102	0.04631	0.1592	0.01971	0.06401	0.1055	0.01965	0.0169	0.05078	0.2041	0.1293	0.06448	0.1219	0.1369	0.7431	0.4259	0.2412	0.3708	0.4316
TCGA-AA-3663-01A	0.1472	0.299	0.775	0.2911	0.103	0.07512	0.01682	0.01949	0.5502	0.5189	0.5768	0.6229	0.8013	0.7779	0.8165	0.6238	0.7692	0.7613	0.3732
TCGA-AA-3526-01A																			
TCGA-F4-6856-01A	0.6038	0.1505	0.3624	0.3699	0.2699	0.313	0.197	0.1407	0.3153	0.3513	0.2801	0.6086	0.6832	0.5769	0.7663	0.5958	0.4392	0.5335	0.2509
TCGA-AA-A00A-01A																			
TCGA-AA-A010-01A																			
TCGA-A6-5661-01B	0.3988	0.6542	0.7525	0.582	0.553	0.5339	0.432	0.5008	0.663	0.6597	0.5944	0.5353	0.7348	0.6409	0.8009	0.7311	0.7675	0.5868	0.5485
TCGA-AA-3851-01A																			
TCGA-CK-4952-01A	0.3194	0.8779	0.8301	0.5769	0.4997	0.6494	0.5489	0.07667	0.6745	0.6876	0.7236	0.7977	0.8754	0.8693	0.7659	0.7546	0.7458	0.7203	0.2425
TCGA-CM-5348-01A	0.2132	0.2144	0.6257	0.3217	0.3408	0.4461	0.04166	0.02917	0.3149	0.3045	0.4047	0.08583	0.344	0.3944	0.713	0.4832	0.5134	0.3434	0.3289
TCGA-A6-2678-01A																			
TCGA-NH-A50T-01A	0.2234	0.04326	0.5768	0.0222	0.1034	0.1285	0.01973	0.02679	0.2361	0.3327	0.3524	0.491	0.7092	0.7005	0.8593	0.8858	0.125	0.05823	0.2007
TCGA-A6-5665-01B	0.6984	0.7765	0.7306	0.4325	0.4284	0.4105	0.2735	0.3197	0.5012	0.5533	0.6506	0.6409	0.7523	0.6789	0.8326	0.7103	0.7961	0.729	0.4316
TCGA-G4-6293-01A	0.3927	0.1997	0.4463	0.05149	0.314	0.3007	0.1606	0.01711	0.2004	0.1834	0.378	0.07484	0.1779	0.3285	0.8068	0.6392	0.2042	0.05421	0.5576
TCGA-AA-3872-01A																			
TCGA-AA-3556-01A																			
TCGA-G4-6309-01A	0.1102	0.04149	0.7263	0.038	0.08063	0.1054	0.01452	0.01395	0.07559	0.1868	0.4555	0.4234	0.6692	0.813	0.9016	0.8429	0.502	0.08123	0.3067
TCGA-AA-3831-01A																			
TCGA-AA-3542-01A																			
TCGA-F4-6703-01A	0.2197	0.03919	0.3884	0.03207	0.1166	0.1201	0.01932	0.0176	0.1426	0.216	0.2521	0.2308	0.3612	0.3859	0.5713	0.2715	0.09386	0.04455	0.3813
TCGA-AA-3877-01A																			
TCGA-AA-3684-01A																			
TCGA-A6-6780-01B	0.3594	0.7018	0.7012	0.5829	0.526	0.5387	0.3984	0.1251	0.6405	0.6827	0.5933	0.5352	0.7538	0.6207	0.7707	0.6593	0.628	0.5747	0.234
TCGA-D5-6920-01A	0.3888	0.259	0.5179	0.4212	0.3073	0.3811	0.2263	0.1947	0.3143	0.3768	0.382	0.5393	0.5862	0.6142	0.7415	0.5983	0.5493	0.4571	0.4083
TCGA-D5-7000-01A	0.1065	0.5656	0.6512	0.6515	0.471	0.6245	0.4869	0.3119	0.6078	0.6151	0.6561	0.6763	0.5698	0.6688	0.8087	0.5854	0.5936	0.581	0.5125
TCGA-AZ-6600-01A	0.5486	0.05345	0.2965	0.19	0.2621	0.2002	0.09632	0.07859	0.3056	0.3548	0.3976	0.2878	0.5805	0.5563	0.8692	0.6783	0.56	0.5489	0.416
TCGA-AA-3950-01A																			
TCGA-F4-6805-01A	0.5304	0.2408	0.3241	0.03039	0.2513	0.3338	0.1551	0.03081	0.3005	0.2414	0.3858	0.1167	0.4497	0.4042	0.6903	0.6187	0.4781	0.1701	0.2692
TCGA-NH-A8F8-01A	0.4385	0.1956	0.4255	0.03439	0.2618	0.2973	0.1929	0.1608	0.2954	0.3342	0.2632	0.3189	0.5535	0.5547	0.7756	0.5688	0.6187	0.4594	0.462
TCGA-CK-4947-01B	0.1336	0.3257	0.5327	0.3995	0.484	0.4912	0.432	0.173	0.4118	0.4574	0.533	0.3579	0.653	0.5762	0.8353	0.5864	0.5306	0.5432	0.4124
TCGA-G4-6306-01A	0.7649	0.1653	0.5518	0.3511	0.4723	0.4889	0.1298	0.09866	0.4444	0.481	0.4262	0.05028	0.0991	0.172	0.892	0.8009	0.7335	0.727	0.5688
TCGA-AA-3715-01A																			
TCGA-A6-2680-01A	0.3488	0.3703	0.7304	0.6151	0.5608	0.6418	0.5453	0.5934	0.6837	0.7152	0.6633	0.154	0.5025	0.5253	0.836	0.7931	0.6907	0.3319	0.3259
TCGA-AA-3956-01A																			
TCGA-D5-6927-01A	0.1817	0.04801	0.3656	0.2992	0.14	0.1442	0.02246	0.02192	0.09244	0.2301	0.283	0.1598	0.4227	0.4034	0.7261	0.4874	0.3451	0.1277	0.2295
TCGA-AA-3552-01A																			
TCGA-D5-6541-01A	0.3565	0.3601	0.5704	0.3896	0.4256	0.4428	0.3478	0.1964	0.5266	0.5257	0.5157	0.2938	0.5976	0.5928	0.5804	0.4909	0.4046	0.1123	0.2372
TCGA-AZ-4323-01A	0.2381	0.06611	0.2237	0.04073	0.1989	0.2187	0.06277	0.01817	0.173	0.1949	0.1986	0.1547	0.2242	0.2544	0.4032	0.1931	0.09828	0.05321	0.2438
TCGA-AA-3561-01A																			
TCGA-DM-A0X9-01A	0.436	0.8082	0.6933	0.6736	0.6147	0.7226	0.6305	0.2121	0.7643	0.751	0.7216	0.7238	0.7028	0.8099	0.873	0.7445	0.6674	0.5552	0.2189
TCGA-AD-6890-01A	0.5768	0.04058	0.1601	0.02869	0.05343	0.06466	0.01834	0.02023	0.04559	0.1762	0.07321	0.4954	0.5363	0.558	0.8199	0.6186	0.6826	0.4337	0.4647
TCGA-D5-6932-01A	0.2831	0.2034	0.4289	0.3358	0.3609	0.3325	0.2628	0.03441	0.3939	0.4106	0.4778	0.4505	0.7492	0.7554	0.829	0.6826	0.6791	0.6082	0.1735
TCGA-AD-6899-01A	0.5776	0.5758	0.6548	0.6839	0.4763	0.6249	0.465	0.4383	0.5848	0.6315	0.5707	0.6243	0.7227	0.6922	0.8188	0.6505	0.7254	0.4174	0.3739
TCGA-CM-5860-01A	0.6465	0.03022	0.06849	0.0164	0.06799	0.0785	0.02007	0.01286	0.05845	0.1501	0.07557	0.03693	0.07576	0.09096	0.7504	0.5993	0.5636	0.4001	0.2542
TCGA-D5-6529-01A	0.3281	0.3189	0.5492	0.2915	0.3899	0.3886	0.205	0.1895	0.4326	0.4126	0.3732	0.4309	0.6605	0.6168	0.7798	0.4895	0.3958	0.252	0.3739
TCGA-AD-6964-01A	0.08915	0.04919	0.1152	0.05951	0.07786	0.08937	0.0233	0.02067	0.07931	0.186	0.1344	0.3403	0.2843	0.2974	0.7005	0.6235	0.2433	0.06024	0.2543
TCGA-AA-A00F-01A																			
TCGA-AA-3875-01A																			
TCGA-CM-6161-01A	0.6748	0.0241	0.05581	0.01886	0.06752	0.07918	0.01484	0.01271	0.05513	0.1252	0.1838	0.0523	0.06818	0.06345	0.8488	0.7163	0.3773	0.2999	0.4592
TCGA-3L-AA1B-01A	0.5703	0.4774	0.5752	0.4176	0.4565	0.5177	0.3891	0.2859	0.5234	0.6056	0.5066	0.4423	0.6552	0.6246	0.7819	0.5666	0.5543	0.2778	0.2185
TCGA-AA-3560-01A																			
TCGA-AA-3845-01A																			
TCGA-AA-A00Z-01A																			
TCGA-DM-A1D4-01A	0.8364	0.2497	0.8013	0.3936	0.6741	0.7268	0.6097	0.06438	0.08938	0.138	0.7224	0.5	0.8576	0.8571	0.796	0.7913	0.7648	0.7231	0.136
TCGA-AA-3710-01A																			
TCGA-AA-3519-01A																			
TCGA-CM-4744-01A	0.3697	0.2494	0.6583	0.6159	0.5184	0.6148	0.5049	0.4281	0.64	0.733	0.6399	0.3704	0.4862	0.4629	0.8539	0.6383	0.7056	0.6628	0.4457
TCGA-CK-4948-01B	0.3237	0.02671	0.05595	0.02074	0.03809	0.04262	0.02617	0.01517	0.05209	0.1092	0.0921	0.1018	0.1997	0.3564	0.788	0.4343	0.1736	0.1264	0.3741
TCGA-T9-A92H-01A	0.4893	0.4491	0.5316	0.3829	0.3803	0.3812	0.2666	0.03245	0.4692	0.5385	0.7356	0.7233	0.8755	0.7971	0.8547	0.8149	0.8568	0.8182	0.6856
TCGA-A6-3808-01A																			
TCGA-AA-3837-01A																			
TCGA-G4-6321-01A	0.5104	0.537	0.6047	0.4194	0.464	0.4718	0.3493	0.2689	0.5445	0.5128	0.5479	0.5443	0.7088	0.6656	0.7284	0.5838	0.5934	0.4802	0.3187
TCGA-CA-5255-01A	0.2978	0.3708	0.4799	0.3633	0.3412	0.3853	0.252	0.1575	0.4076	0.4338	0.3771	0.4193	0.5267	0.535	0.7177	0.456	0.2479	0.3754	0.3916
TCGA-AA-3532-01A																			
TCGA-QG-A5YV-01A	0.8092	0.0364	0.2199	0.0732	0.1478	0.146	0.06529	0.01818	0.09677	0.2188	0.1699	0.514	0.774	0.7017	0.8906	0.9144	0.8311	0.8094	0.4197
TCGA-D5-6540-01A	0.592	0.6137	0.7435	0.5219	0.562	0.6188	0.4645	0.3054	0.7426	0.7024	0.7018	0.7055	0.7342	0.7303	0.6966	0.603	0.601	0.6226	0.4166
TCGA-AZ-6605-01A	0.4839	0.05849	0.3234	0.1038	0.1642	0.1154	0.02674	0.02111	0.1395	0.1988	0.3534	0.2753	0.4139	0.5466	0.7407	0.5452	0.2872	0.1374	0.3398
TCGA-AA-3509-01A	0.5514	0.7026	0.7723	0.7084	0.612	0.7122	0.6342	0.5275	0.7887	0.8	0.7279	0.07031	0.4925	0.4643	0.8334	0.8452	0.7433	0.3234	0.576
TCGA-AY-6386-01A	0.4376	0.5929	0.6576	0.5072	0.3945	0.3503	0.2764	0.07994	0.5468	0.5951	0.5877	0.3557	0.673	0.6583	0.7605	0.5742	0.6237	0.561	0.3937
TCGA-NH-A6GA-01A	0.4102	0.03843	0.1973	0.02564	0.1007	0.1718	0.02012	0.01728	0.2058	0.1745	0.5103	0.7508	0.808	0.7411	0.8298	0.6678	0.8093	0.6889	0.6134
TCGA-DM-A282-01A	0.7432	0.8346	0.7558	0.6434	0.5607	0.7045	0.5825	0.4626	0.7806	0.7592	0.7523	0.459	0.7828	0.7362	0.8376	0.6444	0.7876	0.4301	0.1613
TCGA-A6-5664-01A	0.2958	0.07987	0.3617	0.03365	0.1504	0.1267	0.02057	0.02057	0.1816	0.2622	0.3397	0.3968	0.4978	0.4804	0.7411	0.4185	0.08441	0.0626	0.3681
TCGA-AY-A54L-01A	0.3829	0.05472	0.3611	0.2547	0.3245	0.3252	0.2238	0.1736	0.3958	0.4231	0.3454	0.09793	0.3622	0.4036	0.8402	0.8138	0.7791	0.7193	0.3367
TCGA-AA-A01I-01A																			
TCGA-AA-3861-01A																			
TCGA-AA-A01K-01A																			
TCGA-AA-3529-01A																			
TCGA-AA-3858-01A																			
TCGA-CK-4950-01A	0.2297	0.5796	0.6208	0.49	0.4783	0.513	0.3583	0.1495	0.4979	0.5373	0.2443	0.4428	0.7176	0.6527	0.7887	0.6814	0.6404	0.4669	0.3142
TCGA-CK-4951-01A	0.3915	0.64	0.5774	0.5097	0.4385	0.4949	0.3973	0.03588	0.5182	0.5883	0.4959	0.5432	0.7121	0.6026	0.7668	0.5473	0.4652	0.1819	0.3248
TCGA-A6-2686-01A	0.5754	0.5153	0.6198	0.514	0.4584	0.5702	0.4283	0.3926	0.6251	0.6899	0.5775	0.556	0.7625	0.6763	0.8304	0.7111	0.7234	0.4837	0.4797
TCGA-F4-6463-01A	0.6042	0.03932	0.2164	0.0207	0.06266	0.07543	0.0164	0.01715	0.06075	0.1154	0.1193	0.0933	0.1853	0.2374	0.6876	0.5314	0.205	0.08573	0.2738
TCGA-5M-AAT5-01A	0.3432	0.02953	0.04786	0.02076	0.03573	0.03773	0.01389	0.01467	0.05705	0.07678	0.07543	0.03651	0.2447	0.3836	0.857	0.7963	0.2398	0.08219	0.4483
TCGA-AU-6004-01A	0.5822	0.3946	0.5469	0.3403	0.4151	0.3991	0.282	0.3275	0.4803	0.4727	0.4328	0.5038	0.5914	0.5725	0.7165	0.4518	0.3807	0.3036	0.4868
TCGA-AZ-4313-01A	0.1214	0.4585	0.6022	0.213	0.2727	0.2808	0.1717	0.02038	0.2402	0.3105	0.3163	0.3148	0.44	0.35	0.555	0.4205	0.3162	0.1455	0.2921
TCGA-AA-3856-01A																			
TCGA-AA-3818-01A																			
TCGA-CM-6169-01A	0.5337	0.04253	0.05675	0.04542	0.05984	0.06286	0.023	0.0185	0.04954	0.1723	0.06937	0.4806	0.5423	0.5063	0.7564	0.5757	0.1436	0.08203	0.5189
TCGA-A6-2683-01A																			
TCGA-AA-3530-01A																			
TCGA-AA-3947-01A																			
TCGA-DM-A1D9-01A	0.04971	0.3546	0.5103	0.2314	0.4172	0.4082	0.2571	0.02193	0.07207	0.1411	0.7179	0.02869	0.4685	0.3953	0.8434	0.688	0.7504	0.6938	0.4832
TCGA-A6-4107-01A	0.4255	0.7655	0.728	0.624	0.5643	0.6567	0.55	0.547	0.5647	0.5984	0.6343	0.5993	0.7824	0.7083	0.8002	0.6823	0.7205	0.6938	0.4022
TCGA-AA-3812-01A																			
TCGA-AA-3870-01A																			
TCGA-DM-A1D8-01A	0.4622	0.5684	0.633	0.732	0.4957	0.4685	0.3653	0.2125	0.5278	0.5733	0.7591	0.6508	0.8139	0.7788	0.8049	0.7053	0.7661	0.6561	0.3863
TCGA-CM-6162-01A	0.06228	0.04569	0.4218	0.02349	0.1558	0.182	0.02776	0.02084	0.09887	0.1521	0.343	0.2507	0.3724	0.3556	0.7044	0.5464	0.1822	0.05969	0.2274
TCGA-AA-3971-01A																			
TCGA-AA-3867-01A																			
TCGA-AD-6548-01A	0.1338	0.1393	0.5784	0.5007	0.4873	0.5691	0.4182	0.3431	0.5824	0.591	0.6354	0.537	0.7	0.6628	0.8135	0.6885	0.6239	0.5951	0.4269
TCGA-NH-A50V-01A	0.5714	0.6011	0.7473	0.5084	0.4732	0.5356	0.4265	0.1353	0.5703	0.6232	0.5786	0.5769	0.6853	0.6025	0.766	0.6305	0.6307	0.6832	0.5941
TCGA-AA-A01V-01A																			
TCGA-A6-3809-01A	0.2412	0.5803	0.6159	0.5128	0.45	0.5267	0.4779	0.2511	0.5589	0.6302	0.6189	0.4111	0.677	0.6562	0.7981	0.6642	0.6387	0.546	0.2518
TCGA-CK-5916-01A	0.6065	0.6162	0.6389	0.4454	0.5858	0.6034	0.3856	0.6086	0.6133	0.6277	0.5969	0.4771	0.7849	0.649	0.7563	0.577	0.4395	0.3276	0.3067
TCGA-CM-6680-01A	0.1954	0.7389	0.7652	0.4798	0.462	0.5462	0.3621	0.03005	0.1221	0.1784	0.6538	0.4722	0.7653	0.7574	0.8645	0.737	0.7509	0.2915	0.1756
TCGA-G4-6320-01A	0.6328	0.7526	0.7824	0.6446	0.586	0.7153	0.551	0.298	0.8007	0.7656	0.7667	0.6642	0.8076	0.7204	0.8417	0.7519	0.7903	0.8007	0.4913
TCGA-A6-5660-01A	0.6232	0.2138	0.482	0.02642	0.2233	0.2246	0.06775	0.02118	0.1937	0.2187	0.3695	0.6005	0.6229	0.659	0.8801	0.7225	0.7862	0.5142	0.5668
TCGA-AA-A02J-01A																			
TCGA-AA-3549-01A																			
TCGA-A6-A566-01A	0.1239	0.5767	0.4916	0.4694	0.3473	0.407	0.3133	0.05334	0.4334	0.5358	0.4901	0.3729	0.5899	0.5222	0.71	0.5956	0.5112	0.4397	0.4273
TCGA-CK-5915-01A	0.05483	0.9264	0.8781	0.7951	0.6202	0.8483	0.8082	0.7839	0.8979	0.8879	0.8807	0.7179	0.9153	0.8722	0.9049	0.8475	0.919	0.9414	0.1066
TCGA-AA-3976-01A																			
TCGA-G4-6588-01A	0.4249	0.6164	0.7356	0.5716	0.5643	0.6301	0.47	0.1612	0.6868	0.6869	0.6055	0.4105	0.7239	0.6932	0.7608	0.5939	0.5845	0.5693	0.2421
TCGA-AA-3685-01A																			
TCGA-QG-A5Z2-01A	0.5425	0.6653	0.6634	0.6152	0.4998	0.6224	0.5042	0.3455	0.6188	0.6453	0.6438	0.6423	0.7385	0.7367	0.8579	0.7517	0.6879	0.6016	0.3605
TCGA-AA-3968-01A																			
TCGA-A6-2681-01A	0.4719	0.6838	0.6602	0.406	0.1673	0.2122	0.04298	0.02383	0.06773	0.2484	0.5511	0.3636	0.7491	0.6874	0.8079	0.6726	0.6155	0.5448	0.2671
TCGA-QG-A5YX-01A	0.6576	0.0318	0.04472	0.01728	0.0379	0.04118	0.01678	0.01554	0.04229	0.1655	0.04267	0.2488	0.4809	0.5835	0.8992	0.906	0.8941	0.8539	0.1601
TCGA-DM-A28K-01A	0.3687	0.3275	0.6743	0.3989	0.4092	0.4555	0.3209	0.02888	0.4214	0.427	0.8137	0.7672	0.8514	0.8097	0.8488	0.8224	0.7554	0.736	0.2711
TCGA-AA-3553-01A																			
TCGA-AA-3562-01A																			
TCGA-CM-6678-01A	0.4899	0.5435	0.6553	0.4664	0.458	0.4789	0.2536	0.1972	0.3539	0.3639	0.625	0.5681	0.7171	0.7027	0.8379	0.6487	0.09823	0.04488	0.4282
TCGA-A6-5667-01A	0.5652	0.03364	0.06339	0.1623	0.1093	0.09938	0.01722	0.01511	0.5016	0.5006	0.5439	0.2005	0.6855	0.714	0.8459	0.7084	0.7755	0.4762	0.445
TCGA-5M-AAT4-01A	0.4007	0.2537	0.5588	0.3576	0.2695	0.2763	0.1084	0.02956	0.3383	0.3357	0.4711	0.475	0.7557	0.8033	0.8088	0.7212	0.7809	0.7086	0.3359
TCGA-AA-3525-01A																			
TCGA-AA-3982-01A																			
TCGA-A6-2675-01A	0.3079	0.05632	0.1457	0.02573	0.08268	0.1109	0.0149	0.01754	0.1055	0.1256	0.2679	0.08619	0.3567	0.235	0.7032	0.575	0.6062	0.4713	0.2013
TCGA-CM-4750-01A	0.3038	0.09986	0.7237	0.1576	0.3255	0.3819	0.261	0.1822	0.6773	0.68	0.7072	0.4294	0.8118	0.7598	0.8103	0.755	0.7894	0.5312	0.2526
TCGA-AA-3860-01A																			
TCGA-G4-6626-01A	0.5989	0.04241	0.1492	0.02356	0.08007	0.06823	0.01537	0.01995	0.09822	0.1486	0.1061	0.1454	0.433	0.608	0.8454	0.7378	0.5514	0.4439	0.4013
TCGA-A6-2685-01A	0.07988	0.1616	0.3399	0.0225	0.2525	0.09917	0.02211	0.01741	0.06212	0.1843	0.4215	0.07544	0.3605	0.33	0.6902	0.463	0.2856	0.149	0.2199
TCGA-A6-2684-01C	0.6691	0.3236	0.4575	0.3181	0.3889	0.3791	0.1953	0.04584	0.38	0.4933	0.3665	0.2821	0.5004	0.3993	0.8224	0.6284	0.5369	0.4284	0.3204
TCGA-A6-6782-01A	0.2872	0.1298	0.4622	0.09062	0.39	0.4416	0.2821	0.1917	0.4056	0.4947	0.4289	0.4133	0.6835	0.634	0.8123	0.7322	0.4473	0.6066	0.4221
TCGA-A6-4105-01A	0.514	0.6143	0.7613	0.7019	0.5904	0.6613	0.5199	0.5758	0.6988	0.694	0.6198	0.5247	0.825	0.7584	0.8261	0.7456	0.6953	0.6848	0.4151
TCGA-AA-3955-01A																			
TCGA-AA-A02Y-01A																			
TCGA-G4-6625-01A	0.1592	0.3744	0.6089	0.2931	0.3035	0.4056	0.2028	0.131	0.4715	0.5526	0.5174	0.2729	0.6344	0.6002	0.7995	0.554	0.5906	0.4271	0.4197
TCGA-AA-3966-01A																			
TCGA-AA-3681-01A																			
TCGA-A6-6650-01A	0.08386	0.3384	0.4017	0.1448	0.3326	0.3222	0.1884	0.04032	0.3523	0.3745	0.2007	0.05137	0.8141	0.8618	0.8063	0.8322	0.7711	0.8201	0.4035
TCGA-AA-3852-01A																			
TCGA-AA-3666-01A																			
TCGA-AA-3516-01A																			
TCGA-D5-6534-01A	0.1234	0.2346	0.4201	0.462	0.2648	0.3642	0.231	0.1523	0.3756	0.4239	0.3549	0.4314	0.4691	0.4478	0.6159	0.3713	0.2089	0.09061	0.2872
TCGA-AA-A00K-01A																			
TCGA-AD-6888-01A	0.3719	0.2144	0.4796	0.345	0.2646	0.417	0.2789	0.182	0.4203	0.4598	0.441	0.4394	0.4914	0.5373	0.8626	0.82	0.3771	0.1528	0.3475
TCGA-D5-5539-01A	0.398	0.3184	0.6978	0.1994	0.1758	0.3047	0.1695	0.02259	0.1109	0.1701	0.6247	0.6314	0.7231	0.6756	0.7444	0.6672	0.5483	0.3791	0.1653
TCGA-A6-6654-01A	0.4585	0.2509	0.4838	0.3357	0.411	0.4301	0.2791	0.3392	0.452	0.4426	0.4389	0.1127	0.5314	0.5486	0.7222	0.4181	0.2655	0.3316	0.4715
TCGA-AA-A01C-01A																			
TCGA-AA-3941-01A																			
TCGA-CM-4752-01A	0.07951	0.04005	0.1502	0.02442	0.177	0.2346	0.07973	0.02045	0.118	0.2502	0.1847	0.1568	0.3857	0.3593	0.8098	0.6298	0.416	0.06996	0.2441
TCGA-AA-A02E-01A																			
TCGA-A6-2682-01A	0.2572	0.1508	0.3546	0.2292	0.2761	0.294	0.1816	0.1688	0.315	0.4046	0.3082	0.2825	0.5435	0.5701	0.7129	0.5272	0.1275	0.04524	0.3257
TCGA-A6-2676-01A																			
TCGA-AY-4071-01A																			
TCGA-AA-3821-01A																			
TCGA-A6-6650-01B	0.09683	0.4129	0.4216	0.1669	0.3201	0.2675	0.1816	0.07552	0.3974	0.4732	0.3153	0.06013	0.6894	0.7292	0.8367	0.7935	0.8297	0.8139	0.3846
TCGA-A6-2672-01A																			
TCGA-AA-3811-01A																			
TCGA-D5-6928-01A	0.152	0.2365	0.4105	0.1826	0.2228	0.2574	0.1315	0.02316	0.3636	0.4698	0.3354	0.2811	0.47	0.4236	0.7659	0.4577	0.2954	0.08691	0.3
TCGA-A6-3810-01B	0.2588	0.3345	0.5135	0.02525	0.2779	0.2867	0.1995	0.2033	0.1436	0.2513	0.04693	0.3465	0.639	0.6281	0.7408	0.6929	0.2556	0.04629	0.3774
TCGA-CM-5344-01A	0.1489	0.08065	0.5682	0.01892	0.1394	0.132	0.03919	0.01823	0.06613	0.0931	0.1282	0.04108	0.5216	0.6803	0.7592	0.6297	0.1414	0.04434	0.2105
TCGA-AY-5543-01A	0.1408	0.3096	0.497	0.2676	0.1421	0.1223	0.04532	0.0186	0.1164	0.1324	0.4436	0.5511	0.7241	0.7116	0.8478	0.697	0.6766	0.4599	0.4386
TCGA-AY-4070-01A																			
TCGA-CM-6163-01A	0.2181	0.6462	0.6208	0.3882	0.5323	0.5562	0.4402	0.4467	0.5403	0.6161	0.591	0.578	0.5125	0.6569	0.8176	0.6683	0.6971	0.4776	0.2515
TCGA-D5-6535-01A	0.07276	0.6536	0.7	0.2558	0.5166	0.5395	0.4145	0.2725	0.6479	0.609	0.6701	0.4717	0.6779	0.7101	0.8133	0.6709	0.4905	0.5299	0.339
TCGA-A6-5659-01A	0.3167	0.8385	0.7894	0.7638	0.6123	0.6945	0.7565	0.5861	0.7808	0.7988	0.8117	0.6987	0.7921	0.8038	0.8204	0.8096	0.7889	0.772	0.4639
TCGA-AA-3814-01A																			
TCGA-NH-A5IV-01A	0.09843	0.6833	0.7584	0.4762	0.5678	0.7279	0.5168	0.4016	0.4893	0.5383	0.7652	0.7964	0.9117	0.7942	0.8311	0.8481	0.8057	0.6079	0.3188
TCGA-D5-6537-01A	0.1456	0.3212	0.774	0.4046	0.4161	0.3887	0.2413	0.3552	0.7174	0.7356	0.5574	0.5507	0.8759	0.8089	0.8781	0.8075	0.2839	0.1507	0.406
TCGA-D5-6929-01A	0.2655	0.05435	0.143	0.09893	0.1004	0.1637	0.02874	0.01971	0.1097	0.2024	0.1193	0.1655	0.4758	0.5889	0.8315	0.6221	0.4474	0.09135	0.3498
TCGA-A6-6137-01A	0.5705	0.1192	0.2497	0.08436	0.1314	0.1318	0.03084	0.0171	0.1927	0.2164	0.1615	0.3342	0.5912	0.5123	0.7894	0.7289	0.6486	0.5984	0.4266
TCGA-F4-6854-01A	0.4097	0.2529	0.1447	0.4649	0.3199	0.3886	0.2605	0.2712	0.3884	0.376	0.5612	0.3659	0.4747	0.3842	0.8143	0.5789	0.6792	0.4755	0.3832
TCGA-AY-A69D-01A	0.7847	0.3632	0.4383	0.3229	0.4	0.4226	0.2829	0.2637	0.442	0.4808	0.3946	0.7343	0.8147	0.8024	0.7871	0.7343	0.7185	0.6738	0.6779
TCGA-AA-3854-01A																			
TCGA-AA-3538-01A																			
TCGA-G4-6628-01A	0.6358	0.595	0.6486	0.5398	0.5216	0.5928	0.4925	0.4511	0.6304	0.6412	0.6043	0.6378	0.7058	0.6931	0.8002	0.6255	0.6095	0.5943	0.4286
TCGA-CM-5349-01A	0.5025	0.4116	0.5586	0.227	0.4061	0.4036	0.2598	0.3067	0.4806	0.3919	0.517	0.4744	0.5864	0.583	0.6663	0.4786	0.2872	0.07762	0.44
TCGA-AA-A02W-01A																			
TCGA-G4-6322-01A	0.1001	0.8994	0.6146	0.7594	0.4576	0.6941	0.67	0.2766	0.8259	0.8385	0.7941	0.3551	0.8561	0.848	0.8458	0.8386	0.8317	0.8709	0.2518
TCGA-CM-6170-01A	0.1431	0.0503	0.2054	0.01734	0.06397	0.07186	0.01528	0.01226	0.04684	0.1496	0.103	0.04068	0.09642	0.2449	0.8294	0.7625	0.2569	0.1345	0.2057
TCGA-AA-3819-01A																			
TCGA-D5-6531-01A	0.7758	0.8001	0.7604	0.7036	0.6001	0.7166	0.5893	0.6008	0.7795	0.764	0.7517	0.7974	0.7859	0.8297	0.8121	0.6915	0.8111	0.7414	0.6233
TCGA-AU-3779-01A	0.3527	0.08979	0.3908	0.1261	0.126	0.125	0.1173	0.01855	0.1592	0.1159	0.2359	0.2754	0.3952	0.4892	0.7968	0.5903	0.5924	0.4101	0.3369
TCGA-CA-6718-01A	0.5145	0.6098	0.6182	0.4221	0.4672	0.5471	0.3932	0.4479	0.5429	0.5802	0.536	0.6053	0.6629	0.6709	0.7911	0.5405	0.5154	0.541	0.4959
TCGA-AZ-4308-01A	0.06	0.2746	0.6792	0.341	0.4949	0.3879	0.2764	0.05708	0.5078	0.5905	0.6153	0.07108	0.7782	0.6498	0.829	0.6914	0.1931	0.04167	0.367
TCGA-AA-3662-01A	0.7064	0.04512	0.1851	0.01767	0.04788	0.04943	0.01946	0.01425	0.04171	0.1048	0.1019	0.03583	0.06388	0.08711	0.7732	0.6077	0.677	0.6472	0.6515
TCGA-G4-6627-01A	0.3198	0.2886	0.4819	0.2478	0.3642	0.38	0.2084	0.04476	0.4034	0.4527	0.3984	0.2775	0.4492	0.4973	0.7267	0.4676	0.1655	0.2486	0.3624
TCGA-AA-3862-01A																			
TCGA-AA-3489-01A	0.4267	0.03647	0.1902	0.05461	0.1396	0.1818	0.02318	0.01891	0.07382	0.1945	0.2766	0.1877	0.5709	0.5201	0.7271	0.5203	0.4745	0.3067	0.3381
TCGA-AA-3679-01A																			
TCGA-CM-5868-01A	0.1312	0.4055	0.6666	0.1225	0.295	0.3427	0.1708	0.1417	0.3994	0.4246	0.5009	0.5584	0.712	0.6707	0.7957	0.6691	0.6033	0.5217	0.3513
TCGA-AA-3930-01A																			
TCGA-AA-A024-01A																			
TCGA-AA-3850-01A																			
TCGA-D5-6924-01A	0.2489	0.5955	0.5915	0.629	0.4889	0.5655	0.4907	0.3169	0.5977	0.621	0.5846	0.642	0.6697	0.6575	0.7752	0.6075	0.3842	0.2303	0.3004
TCGA-5M-AAT6-01A	0.04138	0.04014	0.3088	0.1005	0.1842	0.1063	0.01955	0.01777	0.06882	0.0953	0.1697	0.09617	0.149	0.2021	0.3084	0.4345	0.09295	0.06627	0.262
TCGA-AA-A03J-01A																			
TCGA-A6-5656-01B	0.5025	0.5236	0.589	0.0388	0.1416	0.09156	0.02706	0.03035	0.09909	0.2108	0.3055	0.1612	0.5513	0.5045	0.8131	0.7441	0.7194	0.6342	0.3557
TCGA-AA-3548-01A																			
TCGA-NH-A6GB-01A	0.2604	0.5707	0.5398	0.5684	0.5529	0.6696	0.5144	0.3643	0.6354	0.6158	0.7007	0.4622	0.8003	0.734	0.785	0.651	0.7762	0.5153	0.4166
TCGA-AA-A00N-01A																			
TCGA-CM-5341-01A	0.5342	0.6873	0.6202	0.5757	0.525	0.5853	0.4757	0.3478	0.5987	0.6998	0.5698	0.471	0.7809	0.6285	0.7952	0.6862	0.6608	0.6277	0.3425
TCGA-DM-A280-01A	0.317	0.1905	0.4357	0.1769	0.2828	0.2523	0.1175	0.05492	0.2364	0.305	0.3603	0.2268	0.4956	0.4244	0.7115	0.5323	0.24	0.1693	0.3101
TCGA-DM-A1HA-01A	0.07598	0.922	0.8861	0.8732	0.7782	0.8957	0.8593	0.3287	0.8932	0.9304	0.9247	0.8254	0.9557	0.9092	0.8785	0.9281	0.9074	0.9201	0.8131
TCGA-WS-AB45-01A	0.2898	0.1941	0.3636	0.1474	0.275	0.3087	0.2008	0.2515	0.3028	0.3626	0.2812	0.2835	0.5138	0.3565	0.6746	0.3323	0.2043	0.1672	0.3447
TCGA-A6-6651-01A	0.402	0.03444	0.07709	0.01802	0.09212	0.09157	0.01704	0.01241	0.06491	0.1688	0.1489	0.1568	0.2505	0.3087	0.7078	0.5082	0.1289	0.06145	0.4498
TCGA-A6-2684-01A	0.6115	0.2851	0.3939	0.2596	0.2389	0.3078	0.1991	0.0365	0.3425	0.4345	0.3192	0.3494	0.4707	0.3999	0.8042	0.6038	0.5776	0.6098	0.5083
TCGA-G4-6323-01A	0.5175	0.07208	0.4394	0.02072	0.08004	0.08703	0.01734	0.01888	0.06795	0.09534	0.08109	0.1012	0.1167	0.1815	0.7675	0.4764	0.3698	0.3224	0.2665
TCGA-A6-2672-01B	0.411	0.6494	0.7189	0.5669	0.5196	0.5381	0.4953	0.297	0.5783	0.6976	0.5937	0.5112	0.7683	0.5844	0.8303	0.691	0.7224	0.7369	0.3774
TCGA-AY-6196-01A	0.3981	0.08946	0.3122	0.1068	0.2074	0.211	0.1109	0.01611	0.2676	0.2964	0.2459	0.5222	0.5781	0.6267	0.6953	0.5083	0.2714	0.1373	0.2414
TCGA-AA-3972-01A																			
TCGA-D5-6536-01A	0.6178	0.085	0.08216	0.06884	0.08317	0.03891	0.04967	0.05861	0.04937	0.1285	0.3657	0.3516	0.4776	0.5863	0.5924	0.7209	0.1927	0.1045	0.3069
TCGA-AD-A5EK-01A	0.5436	0.5856	0.5111	0.4977	0.3117	0.5254	0.05474	0.1022	0.5856	0.646	0.5351	0.3619	0.4878	0.5936	0.8655	0.8469	0.8534	0.8432	0.7183
TCGA-AA-A00R-01A																			
TCGA-AA-3517-01A																			
TCGA-G4-6302-01A	0.2362	0.06094	0.2001	0.08265	0.1831	0.1844	0.06678	0.07264	0.1629	0.1648	0.2305	0.2252	0.3129	0.3336	0.601	0.2433	0.1233	0.09806	0.2315
TCGA-AZ-4684-01A	0.1174	0.09957	0.5713	0.4792	0.37	0.4096	0.2995	0.0496	0.4352	0.469	0.5469	0.3447	0.6006	0.5985	0.7045	0.6478	0.5383	0.504	0.2139
TCGA-AD-6901-01A	0.5949	0.5649	0.5877	0.4467	0.4684	0.4789	0.4239	0.3374	0.5524	0.6029	0.5613	0.5636	0.6783	0.6595	0.6693	0.5647	0.7165	0.5884	0.4654
TCGA-AA-3844-01A																			
TCGA-AA-3846-01A																			
TCGA-D5-5537-01A	0.4757	0.7428	0.7213	0.7508	0.6069	0.6967	0.671	0.6101	0.7533	0.7686	0.7187	0.7956	0.8047	0.7674	0.8451	0.7167	0.8261	0.6547	0.2522
TCGA-F4-6460-01A	0.6898	0.02918	0.1196	0.0246	0.06621	0.05959	0.01667	0.01099	0.07095	0.1811	0.1414	0.05476	0.1093	0.1358	0.7687	0.6293	0.4712	0.5241	0.6219
TCGA-AA-A01X-01A																			
TCGA-D5-5541-01A	0.346	0.5668	0.7567	0.6116	0.5822	0.7102	0.6285	0.5707	0.7471	0.7758	0.7309	0.4049	0.7031	0.6799	0.8718	0.735	0.735	0.4536	0.3819
TCGA-CM-6167-01A	0.3505	0.03889	0.3843	0.02003	0.06797	0.0837	0.01899	0.01423	0.08433	0.2005	0.3159	0.162	0.5062	0.4322	0.7128	0.4102	0.2394	0.07998	0.2256
TCGA-D5-5538-01A	0.4627	0.02658	0.08059	0.01924	0.04502	0.05638	0.01638	0.01506	0.04964	0.1524	0.08166	0.04491	0.1064	0.124	0.4521	0.6235	0.5182	0.2794	0.417
TCGA-AZ-5403-01A	0.06859	0.04072	0.3334	0.08304	0.2871	0.3145	0.1557	0.02201	0.2647	0.3357	0.2742	0.1461	0.5612	0.4499	0.7086	0.4965	0.2502	0.1672	0.3702
TCGA-AA-3980-01A																			
TCGA-AA-A00O-01A																			
TCGA-CM-6172-01A	0.5308	0.7395	0.7801	0.6598	0.59	0.6341	0.5336	0.6159	0.6843	0.7313	0.7823	0.6744	0.8306	0.7715	0.8861	0.8029	0.7889	0.8073	0.7554
TCGA-AA-3984-01A																			
TCGA-A6-6140-01A	0.1299	0.2964	0.7289	0.2905	0.07407	0.07708	0.01558	0.01824	0.07242	0.1899	0.4506	0.06042	0.2534	0.4774	0.8692	0.8147	0.7449	0.2936	0.4434
TCGA-F4-6459-01A	0.6074	0.2468	0.7072	0.2631	0.4016	0.5025	0.3039	0.2458	0.4344	0.4348	0.3361	0.5669	0.6938	0.709	0.7743	0.6821	0.07527	0.03784	0.5131
TCGA-A6-2674-01A																			
TCGA-AA-3692-01A																			
TCGA-G4-6310-01A	0.635	0.2659	0.4952	0.1674	0.1452	0.117	0.0545	0.06562	0.3478	0.3368	0.364	0.1881	0.5418	0.5029	0.817	0.5894	0.6636	0.6315	0.3427
TCGA-CM-5861-01A	0.7356	0.7593	0.743	0.5309	0.5351	0.6017	0.5634	0.5014	0.7625	0.6824	0.6909	0.5071	0.8426	0.6706	0.7104	0.6576	0.6822	0.5531	0.2236
TCGA-AA-3713-01A	0.1173	0.419	0.6968	0.3546	0.5369	0.4534	0.3439	0.04888	0.7287	0.5543	0.6988	0.5053	0.7003	0.7144	0.7814	0.6109	0.5953	0.363	0.3043
TCGA-A6-2677-01B	0.5264	0.05137	0.08552	0.02361	0.0585	0.05294	0.02201	0.0206	0.06351	0.1211	0.1158	0.5496	0.4571	0.3478	0.8255	0.6923	0.6805	0.4671	0.2158
TCGA-A6-6648-01A	0.3642	0.04795	0.2414	0.03623	0.1348	0.1305	0.02915	0.02061	0.1097	0.2276	0.2335	0.08607	0.2939	0.4282	0.8713	0.7861	0.1184	0.05286	0.5554
TCGA-AD-6963-01A	0.1272	0.04323	0.3988	0.03433	0.07898	0.1099	0.02783	0.01885	0.09974	0.199	0.1256	0.07478	0.2327	0.2048	0.7683	0.501	0.3342	0.1945	0.2409
TCGA-AA-3673-01A																			
TCGA-DM-A1D7-01A	0.3957	0.643	0.6662	0.5308	0.5142	0.6232	0.3477	0.1595	0.6381	0.6671	0.6389	0.1924	0.6618	0.7152	0.7515	0.5919	0.6258	0.5542	0.1661
TCGA-A6-A565-01A	0.1838	0.05971	0.2878	0.02918	0.1167	0.1079	0.02446	0.01759	0.1361	0.1812	0.1905	0.1975	0.3908	0.3567	0.649	0.3522	0.1801	0.1166	0.286
TCGA-F4-6806-01A	0.4234	0.6403	0.6661	0.6148	0.5205	0.6305	0.4993	0.2916	0.6573	0.7117	0.6555	0.6945	0.7102	0.7606	0.8354	0.7516	0.6603	0.6329	0.5395
TCGA-CM-5862-01A	0.8068	0.03177	0.04564	0.01483	0.04565	0.04244	0.01514	0.0165	0.09205	0.1814	0.09583	0.02626	0.04837	0.07019	0.9376	0.8222	0.6706	0.4964	0.7029
TCGA-F4-6855-01A	0.4195	0.3107	0.4911	0.4897	0.3792	0.4049	0.291	0.1091	0.2357	0.2794	0.4014	0.5447	0.7414	0.7181	0.8138	0.6014	0.6195	0.3713	0.4603
TCGA-NH-A50U-01A	0.4747	0.6275	0.6933	0.6034	0.5296	0.7731	0.6658	0.2546	0.613	0.5665	0.8367	0.4027	0.8257	0.8402	0.8327	0.8663	0.7808	0.7505	0.102
TCGA-AA-3697-01A	0.06837	0.2773	0.5415	0.6197	0.5753	0.6933	0.6167	0.4032	0.754	0.7837	0.7559	0.4603	0.8227	0.8155	0.8359	0.8196	0.8258	0.8449	0.2958
TCGA-AZ-6607-01A	0.6941	0.464	0.484	0.3135	0.3093	0.3673	0.1733	0.08445	0.283	0.3831	0.3831	0.3646	0.6495	0.4887	0.8112	0.6091	0.6412	0.7126	0.4557
TCGA-A6-6141-01A	0.3079	0.06699	0.2397	0.02773	0.06123	0.07835	0.01306	0.01685	0.03829	0.1569	0.1467	0.2055	0.6528	0.6067	0.7644	0.6006	0.5682	0.3799	0.2369
TCGA-A6-6142-01A	0.04065	0.03509	0.07556	0.02297	0.09815	0.09707	0.01662	0.01732	0.1064	0.1635	0.1514	0.09149	0.5017	0.4695	0.6042	0.2772	0.07351	0.03433	0.1235
TCGA-CM-6674-01A	0.05657	0.07583	0.4091	0.1962	0.3143	0.3801	0.207	0.0382	0.2136	0.2668	0.5114	0.07781	0.632	0.5541	0.7397	0.5394	0.3509	0.3266	0.3728
TCGA-F4-6461-01A	0.4094	0.5492	0.6601	0.5757	0.5491	0.5762	0.4215	0.5382	0.6369	0.658	0.5669	0.5751	0.7307	0.6779	0.7672	0.6001	0.6017	0.6215	0.5299
TCGA-G4-6315-01A	0.6378	0.0619	0.4802	0.3529	0.4074	0.4576	0.2457	0.202	0.593	0.5256	0.6499	0.2902	0.4503	0.4781	0.7658	0.6914	0.695	0.5558	0.4375
TCGA-AA-3655-01A	0.4654	0.08665	0.5246	0.0215	0.08607	0.1839	0.01786	0.01531	0.05126	0.1461	0.3765	0.4128	0.8156	0.8256	0.8337	0.7431	0.8297	0.8198	0.1134
TCGA-CA-6719-01A	0.3018	0.3896	0.5105	0.385	0.4138	0.4358	0.3069	0.2146	0.4496	0.5227	0.5254	0.644	0.7374	0.6838	0.8753	0.7033	0.6987	0.5667	0.255
TCGA-F4-6570-01A	0.3416	0.6878	0.7036	0.5835	0.5361	0.6467	0.4605	0.268	0.6076	0.6175	0.5409	0.5924	0.6831	0.7421	0.8476	0.5717	0.5852	0.6607	0.3261
TCGA-DM-A28C-01A	0.47	0.7941	0.4757	0.3676	0.3807	0.4494	0.2971	0.02214	0.4299	0.466	0.4664	0.1599	0.8153	0.852	0.8557	0.836	0.8544	0.7941	0.7083
TCGA-SS-A7HO-01A	0.5773	0.03025	0.07437	0.01792	0.03237	0.082	0.02363	0.0222	0.03492	0.1238	0.05979	0.07283	0.2967	0.4743	0.8881	0.7433	0.06834	0.05076	0.2829
TCGA-AA-3511-01A	0.1537	0.2406	0.7151	0.2751	0.3902	0.4656	0.2184	0.02392	0.09439	0.1338	0.6755	0.4165	0.4549	0.7183	0.7131	0.7187		0.663	0.6179
TCGA-AM-5820-01A	0.08953	0.07026	0.6765	0.01832	0.07796	0.0766	0.01967	0.01498	0.05716	0.1165	0.369	0.04625	0.6744	0.6911	0.8516	0.7054	0.7338	0.559	0.4088
TCGA-AA-3675-01A																			
TCGA-AZ-6608-01A	0.5837	0.03402	0.6141	0.02388	0.08839	0.09777	0.01828	0.01613	0.3705	0.2387	0.08046	0.6197	0.8709	0.7335	0.8846	0.9242	0.4865	0.05921	0.413
TCGA-AZ-4682-01B	0.637	0.03406	0.1303	0.01881	0.05721	0.04171	0.01186	0.0152	0.05116	0.1245	0.08768	0.6965	0.8196	0.7751	0.7998	0.8251	0.8391	0.8648	0.6205
TCGA-CM-6675-01A	0.792	0.904	0.6095	0.8169	0.5776	0.8373	0.7956	0.809	0.8675	0.8856	0.8693	0.8949	0.871	0.8778	0.8831	0.8035	0.8486	0.8746	0.5341
TCGA-F4-6809-01A	0.215	0.4749	0.4848	0.4072	0.4428	0.4316	0.2332	0.111	0.49	0.5368	0.5724	0.3973	0.6577	0.6418	0.7275	0.5162	0.4907	0.4667	0.4726
TCGA-AA-A02K-01A																			
TCGA-A6-3810-01A	0.157	0.1198	0.4838	0.02238	0.2107	0.1968	0.1359	0.08663	0.1732	0.1486	0.04831	0.2574	0.5361	0.5804	0.677	0.6745	0.2884	0.09595	0.2593
TCGA-DM-A28H-01A	0.7525	0.03915	0.4406	0.02016	0.2997	0.09919	0.01368	0.01804	0.4404	0.4877	0.3834	0.1219	0.57	0.4993	0.8772	0.7289	0.7615	0.6568	0.617
TCGA-CA-6715-01A	0.3958	0.02072	0.08273	0.01378	0.04216	0.04666	0.01267	0.0135	0.04004	0.1513	0.07387	0.6105	0.7619	0.8751	0.9113	0.8955	0.8444	0.09626	0.3558
TCGA-AZ-6603-01A	0.07833	0.04134	0.5486	0.01834	0.08675	0.07316	0.01724	0.01692	0.1523	0.1644	0.3191	0.2894	0.5236	0.5988	0.8121	0.6741	0.7959	0.5307	0.4699
TCGA-QG-A5Z1-01A	0.4846	0.1368	0.1615	0.03649	0.1765	0.1884	0.0257	0.02558	0.3532	0.456	0.3647	0.3391	0.8144	0.7675	0.7909	0.7746	0.7756	0.7522	0.3801
TCGA-DM-A0XF-01A	0.3996	0.03376	0.4299	0.2813	0.3079	0.3464	0.2231	0.1639	0.4764	0.4153	0.447	0.0602	0.2637	0.1844	0.7045	0.5328	0.4785	0.4007	0.2785
TCGA-D5-6923-01A	0.6178	0.03626	0.0498	0.02383	0.04182	0.05585	0.02127	0.01763	0.04219	0.1846	0.09637	0.05412	0.09425	0.1847	0.7522	0.5779	0.4511	0.2413	0.3442
TCGA-G4-6307-01A	0.1104	0.04491	0.1007	0.0181	0.2724	0.1304	0.01908	0.01737	0.1003	0.1234	0.09305	0.0336	0.2142	0.4549	0.8462	0.7347	0.7101	0.4442	0.2241
TCGA-DM-A1DB-01A	0.7715	0.2709	0.5106	0.01495	0.3226	0.313	0.2144	0.01911	0.1423	0.1754	0.04453	0.383	0.6756	0.8406	0.8599	0.8196	0.2941	0.4027	0.6837
TCGA-AA-A022-01A																			
TCGA-NH-A6GC-01A	0.5664	0.8797	0.832	0.7114	0.6789	0.7873	0.711	0.2516	0.7683	0.8427	0.8064	0.6351	0.9105	0.8502	0.8356	0.8533	0.8329	0.7099	0.3471
TCGA-AD-6895-01A	0.4505	0.4704	0.5322	0.5874	0.4394	0.5417	0.4018	0.2207	0.5496	0.5303	0.5004	0.5987	0.6104	0.6004	0.812	0.4953	0.3933	0.4484	0.2463
TCGA-A6-5659-01B	0.3687	0.9061	0.8581	0.9004	0.7921	0.8497	0.7255	0.8679	0.8675	0.9306	0.8581	0.8576	0.8936	0.8871	0.8699	0.8943	0.8486	0.8356	0.462
TCGA-A6-5662-01A	0.108	0.05868	0.8428	0.4329	0.7445	0.8692	0.5667	0.1534	0.5709	0.6119	0.7821	0.4893	0.7169	0.469	0.9079	0.8436	0.07566	0.03262	0.7352
TCGA-AA-A02R-01A																			
TCGA-A6-2671-01A	0.5931	0.8191	0.7796	0.6814	0.5688	0.7013	0.6182	0.6428	0.6368	0.813	0.6859	0.3338	0.7227	0.7712	0.8649	0.7514	0.8322	0.807	0.3236
TCGA-AA-3841-01A																			
TCGA-AA-3975-01A																			
TCGA-A6-2679-01A	0.3615	0.5782	0.5998	0.5595	0.4576	0.5201	0.3935	0.3713	0.5363	0.5698	0.5484	0.5212	0.7187	0.6516	0.7923	0.6741	0.7122	0.6315	0.3802
TCGA-D5-6930-01A	0.4973	0.448	0.5107	0.5773	0.3653	0.4925	0.3398	0.2637	0.4761	0.5215	0.5	0.5119	0.5602	0.5622	0.7265	0.4656	0.3565	0.365	0.2719
TCGA-A6-2674-01B																			
TCGA-AA-3833-01A																			
TCGA-AA-3667-01A																			
TCGA-DM-A1D6-01A	0.8769	0.3435	0.4303	0.2302	0.2918	0.2805	0.1856	0.1709	0.3314	0.329	0.2969	0.06962	0.1511	0.2493	0.8367	0.8305	0.3189	0.2269	0.4496
TCGA-AA-A00D-01A																			
TCGA-CM-4747-01A	0.4463	0.4672	0.6804	0.35	0.4738	0.5627	0.4333	0.3763	0.4818	0.5777	0.2083	0.4375	0.6977	0.6788	0.8198	0.6762	0.6647	0.3223	0.3558
TCGA-AA-A004-01A																			
TCGA-CK-6748-01A	0.3975	0.0389	0.4047	0.3084	0.3432	0.3566	0.2433	0.03376	0.4029	0.3746	0.3527	0.3796	0.7192	0.609	0.7907	0.8021		0.5718	0.5892
TCGA-AA-3973-01A																			
TCGA-A6-5657-01A	0.3282	0.1022	0.4776	0.1973	0.3102	0.3297	0.1742	0.1307	0.3342	0.3387	0.3023	0.229	0.4705	0.4645	0.6879	0.4459	0.2587	0.2343	0.3411
TCGA-AA-3688-01A																			
TCGA-AA-3544-01A																			
TCGA-AZ-4614-01A	0.6211	0.8241	0.8377	0.7062	0.5686	0.7491	0.6308	0.4944	0.6913	0.7265	0.7694	0.7418	0.8245	0.6894	0.8191	0.7964	0.834	0.8598	0.1488
TCGA-AA-A01Q-01A																			
TCGA-CM-4746-01A	0.151	0.4813	0.3936	0.05301	0.1545	0.1783	0.04585	0.02103	0.1361	0.2202	0.3638	0.1469	0.807	0.7747	0.8208	0.763	0.7615	0.3924	0.338
TCGA-A6-6781-01B	0.331	0.4101	0.5322	0.2214	0.3765	0.3079	0.1229	0.04032	0.2586	0.3071	0.2044	0.2957	0.5604	0.4938	0.6501	0.4809	0.195	0.1181	0.3494
TCGA-AA-3502-01A	0.3405	0.9038	0.8305	0.8512	0.6792	0.804	0.7954	0.3868	0.7774	0.8242	0.8628	0.7657	0.9158	0.8307	0.8233	0.9198	0.8718	0.8514	0.1842
TCGA-A6-6138-01A	0.1806	0.5358	0.7045	0.5561	0.5257	0.5609	0.4436	0.1211	0.6217	0.6812	0.546	0.5678	0.7046	0.6765	0.7238	0.6173	0.7588	0.6878	0.2991
TCGA-AA-3510-01A	0.6672	0.4378	0.4964	0.4595	0.444	0.4348	0.2943	0.03455	0.4421	0.5399	0.458	0.3979	0.7329	0.7344	0.8304	0.7526	0.6817	0.4796	0.435
TCGA-AA-3678-01A																			
TCGA-D5-6922-01A	0.1313	0.2168	0.6132	0.2714	0.2307	0.3093	0.2097	0.0324	0.3105	0.3829	0.2342	0.08909	0.5242	0.4819	0.8504	0.7115	0.5797	0.1003	0.2641
TCGA-AA-3970-01A																			
TCGA-AA-A00W-01A																			
TCGA-DM-A28M-01A	0.5778	0.531	0.6444	0.4554	0.4611	0.5213	0.4111	0.4211	0.553	0.6211	0.7006	0.7905	0.7854	0.7819	0.8689	0.7808	0.8215	0.8472	0.5193
TCGA-A6-A5ZU-01A	0.741	0.04218	0.04229	0.02116	0.02983	0.0372	0.01587	0.01775	0.04855	0.1617	0.06678	0.04176	0.0751	0.05975	0.8631	0.8171	0.1323	0.06901	0.5084
TCGA-AA-3977-01A																			
TCGA-AA-3939-01A																			
TCGA-AA-3521-01A																			
TCGA-G4-6303-01A	0.3744	0.4016	0.835	0.2805	0.4834	0.5276	0.2668	0.3395	0.5661	0.592	0.6789	0.1032	0.4049	0.3368	0.8387	0.7039	0.7814	0.5899	0.5055
TCGA-AA-3994-01A																			
TCGA-CM-4743-01A	0.4484	0.2865	0.4918	0.2521	0.3696	0.3301	0.2156	0.1902	0.5156	0.4392	0.3954	0.4228	0.5405	0.4819	0.5517	0.4044	0.2932	0.2077	0.2187
TCGA-AA-3522-01A																			
TCGA-AA-3866-01A																			
TCGA-AY-A8YK-01A	0.04752	0.05525	0.5901	0.03098	0.05787	0.05514	0.02323	0.02014	0.07944	0.09557	0.08167	0.05959	0.4162	0.3644	0.7829	0.8451	0.1497	0.09508	0.1493
TCGA-AA-3496-01A	0.3353	0.7476	0.7541	0.5142	0.5638	0.6764	0.5656	0.4051	0.7197	0.708	0.5451	0.3814	0.6462	0.8083	0.886	0.7254	0.7549	0.6417	0.4176
TCGA-5M-AATE-01A	0.2142	0.2956	0.06128	0.2776	0.1069	0.1428	0.01562	0.01838	0.1975	0.1727	0.2046	0.5548	0.7486	0.7709	0.78	0.8079	0.7493	0.6163	0.5482
TCGA-AA-A01Z-01A																			
TCGA-AZ-4315-01A	0.433	0.6506	0.6606	0.5443	0.5302	0.5763	0.468	0.3117	0.5967	0.6492	0.5724	0.538	0.7165	0.7003	0.7841	0.4597	0.4988	0.5927	0.3807
TCGA-G4-6311-01A	0.1119	0.3393	0.6248	0.3798	0.4538	0.5014	0.3764	0.2789	0.4974	0.5254	0.574	0.4089	0.6208	0.5135	0.8101	0.6151	0.5377	0.3309	0.3791
TCGA-A6-6781-01A	0.1199	0.4696	0.5074	0.3936	0.3308	0.3775	0.2496	0.1292	0.3697	0.4386	0.4263	0.4272	0.6005	0.543	0.7077	0.5388	0.1753	0.08417	0.2866
TCGA-D5-6533-01A	0.2279	0.3071	0.7342	0.2339	0.3422	0.3493	0.2716	0.03052	0.3847	0.5059	0.6442	0.05059	0.4202	0.3648	0.7964	0.7268	0.2828	0.1006	0.5891
TCGA-A6-A567-01A	0.3798	0.08619	0.3789	0.2959	0.2587	0.3815	0.1977	0.08008	0.3181	0.3396	0.2936	0.1365	0.289	0.302	0.7878	0.7848	0.7496	0.76	0.5774
TCGA-AA-A029-01A																			
TCGA-CM-6677-01A	0.1304	0.134	0.7041	0.165	0.3589	0.2437	0.08878	0.02885	0.5154	0.4568	0.6498	0.2819	0.2189	0.4936	0.8007	0.6679	0.7023	0.6624	0.2991
TCGA-AA-A02F-01A																			
TCGA-AA-3494-01A	0.3858	0.05938	0.3524	0.1106	0.03304	0.04782	0.01819	0.018	0.07094	0.2622	0.4835	0.0475	0.6238	0.57	0.7082	0.806	0.1762	0.0669	0.0776
TCGA-A6-5666-01A	0.8051	0.1046	0.0653	0.08566	0.0453	0.04903	0.01733	0.0255	0.03658	0.1331	0.06085	0.3022	0.146	0.4827	0.8976	0.7438	0.7307	0.2555	0.02985
TCGA-AZ-6599-01A	0.348	0.2414	0.6066	0.3431	0.2572	0.2291	0.2379	0.03528	0.4213	0.4327	0.4089	0.5987	0.9136	0.8193	0.5532	0.8656	0.9148	0.901	0.1277
TCGA-CK-5912-01A	0.2301	0.02879	0.06837	0.01741	0.04026	0.03104	0.01573	0.01633	0.03291	0.1409	0.1457	0.04192	0.1743	0.3511	0.849	0.8564	0.1823	0.04905	0.5175
TCGA-CM-6679-01A	0.06685	0.2785	0.468	0.5373	0.3179	0.3112	0.1136	0.02125	0.4288	0.5593	0.3501	0.5612	0.6917	0.649	0.8058	0.6156	0.5682	0.3051	0.2634
TCGA-DM-A0XD-01A	0.2986	0.6101	0.6428	0.5024	0.5348	0.5442	0.4363	0.2047	0.5657	0.618	0.6068	0.6037	0.6964	0.6578	0.7737	0.5233	0.4941	0.3247	0.3989
TCGA-A6-3807-01A																			
TCGA-G4-6294-01A	0.818	0.6357	0.8425	0.02193	0.07643	0.03826	0.01839	0.0164	0.4939	0.4675	0.1583	0.04302	0.8668	0.8235	0.8363	0.764	0.3459	0.7298	0.1476
TCGA-CA-5796-01A	0.378	0.5742	0.6873	0.6027	0.4077	0.4451	0.252	0.08192	0.2513	0.3353	0.7522	0.491	0.8879	0.8142	0.858	0.8316	0.8412	0.8437	0.2758
TCGA-CM-5864-01A	0.4781	0.02837	0.4303	0.02919	0.1244	0.1219	0.01728	0.01426	0.1129	0.2045	0.0573	0.03694	0.09229	0.2253	0.8921	0.8258	0.7598	0.5801	0.4441
TCGA-CA-6716-01A	0.7072	0.8679	0.8166	0.8417	0.721	0.8138	0.7652	0.7884	0.8672	0.8698	0.8722	0.869	0.8039	0.8807	0.9035	0.8594	0.8981	0.8557	0.3999
TCGA-D5-6926-01A	0.1327	0.04606	0.4179	0.05866	0.1128	0.06948	0.04286	0.02498	0.3846	0.4302	0.3243	0.3409	0.6587	0.6874	0.7512	0.5899	0.6115	0.4466	0.1598
TCGA-AZ-5407-01A	0.3368	0.6405	0.6856	0.6399	0.5684	0.627	0.5218	0.2618	0.6899	0.7109	0.6548	0.6157	0.7688	0.7783	0.8504	0.7376	0.8385	0.7946	0.3265
TCGA-CA-5797-01A	0.1627	0.03709	0.2206	0.01726	0.03913	0.05245	0.01387	0.01518	0.1262	0.1296	0.3689	0.5478	0.4242	0.5593	0.2759	0.2967	0.06796	0.03927	0.1876
TCGA-AA-A00L-01A																			
TCGA-AM-5821-01A	0.1665	0.4632	0.6099	0.4154	0.3808	0.5576	0.2643	0.1307	0.5973	0.6209	0.6704	0.6146	0.6897	0.6445	0.7727	0.6588	0.7413	0.6017	0.3605
TCGA-AA-A017-01A																			
TCGA-D5-6530-01A	0.2167	0.6418	0.7386	0.2691	0.3525	0.4015	0.2351	0.03662	0.4159	0.3917	0.6492	0.4866	0.76	0.7453	0.8202	0.6981	0.6708	0.4853	0.3505
TCGA-CM-6165-01A	0.44	0.396	0.7427	0.6014	0.5429	0.6474	0.5438	0.1822	0.6032	0.6356	0.6729	0.1249	0.7103	0.7612	0.7926	0.6996	0.7673	0.6368	0.4187
TCGA-AA-3979-01A																			
TCGA-QL-A97D-01A	0.1161	0.5773	0.677	0.5464	0.51	0.6179	0.3305	0.3102	0.5466	0.5432	0.5309	0.5775	0.7663	0.7062	0.7041	0.7608	0.7434	0.648	0.5305
TCGA-G4-6297-01A	0.2281	0.09422	0.2608	0.01896	0.04714	0.04838	0.01501	0.02176	0.0609	0.0763	0.205	0.4252	0.5725	0.6093	0.51	0.5135		0.1542	0.3431
TCGA-AA-3864-01A																			
TCGA-CK-6746-01A	0.4786	0.04404	0.8097	0.8111	0.4969	0.7906	0.7217	0.7289	0.6333	0.8121	0.681	0.1346	0.6802	0.8401	0.8152	0.8613	0.8676	0.8758	0.1848
TCGA-DM-A28E-01A	0.09197	0.05221	0.7047	0.5438	0.4166	0.5147	0.317	0.05848	0.4993	0.3176	0.6497	0.03557	0.5906	0.6219	0.875	0.8348	0.8771	0.8737	0.734
TCGA-A6-5656-01A	0.6897	0.5773	0.5933	0.04683	0.1346	0.1719	0.0415	0.02061	0.1326	0.2259	0.2232	0.3703	0.5153	0.5011	0.8768	0.806	0.8657	0.8481	0.5851
TCGA-A6-6652-01A	0.6486	0.04007	0.0521	0.01777	0.07421	0.1247	0.01961	0.01294	0.05023	0.1698	0.05089	0.3744	0.4226	0.4233	0.8883	0.8487	0.6205	0.1258	0.7395
TCGA-AA-3693-01A																			
TCGA-A6-2677-01A	0.5682	0.0452	0.1775	0.0185	0.03276	0.04303	0.01586	0.01682	0.03791	0.1666	0.05896	0.6151	0.5448	0.4165	0.8903	0.8415	0.8283	0.7183	0.3417
TCGA-CM-6164-01A	0.294	0.2004	0.5944	0.05564	0.2654	0.3114	0.1833	0.04803	0.3253	0.373	0.4097	0.2436	0.4443	0.4699	0.7363	0.6046	0.4484	0.4061	0.3024
TCGA-D5-5540-01A	0.6166	0.1616	0.2386	0.325	0.3921	0.2528	0.04874	0.05335	0.3307	0.3921	0.385	0.7019	0.8687	0.824	0.8614	0.7839	0.7586	0.8488	0.5034
TCGA-CM-6166-01A	0.5624	0.1303	0.7233	0.245	0.1288	0.1337	0.01972	0.04209	0.4876	0.5179	0.5843	0.7366	0.7774	0.8203	0.8741	0.6989	0.7215	0.6282	0.1777
TCGA-G4-6298-01A	0.4182	0.4859	0.63	0.3873	0.4899	0.5738	0.2808	0.05583	0.5633	0.5693	0.5829	0.3289	0.4756	0.4983	0.7908	0.6877	0.5037	0.2741	0.1961
TCGA-4N-A93T-01A	0.1031	0.2469	0.5294	0.1875	0.1108	0.46	0.2031	0.07892	0.4452	0.452	0.2107	0.8386	0.8731	0.8424	0.8641	0.8741	0.8519	0.8611	0.4753
TCGA-RU-A8FL-01A	0.4725	0.03571	0.06211	0.02346	0.06175	0.08245	0.01804	0.02217	0.08067	0.1563	0.3185	0.4622	0.7702	0.6952	0.8491	0.7	0.2251	0.06339	0.5387
TCGA-D5-6532-01A	0.0366	0.03749	0.09733	0.01685	0.03725	0.04651	0.01594	0.01312	0.05265	0.1284	0.05542	0.03558	0.07388	0.1015	0.8432	0.787	0.691	0.7348	0.4137
TCGA-D5-6898-01A	0.1242	0.2828	0.6401	0.3412	0.2883	0.3621	0.1946	0.03332	0.4823	0.543	0.1812	0.3516	0.7129	0.6943	0.8812	0.6805	0.7188	0.433	0.469
TCGA-DM-A1D0-01A	0.1145	0.03064	0.04539	0.01292	0.03327	0.05297	0.01039	0.01183	0.04224	0.08276	0.05216	0.04084	0.272	0.4052	0.9021	0.8302	0.8304	0.3339	0.2997
TCGA-CM-6676-01A	0.6226	0.04861	0.2209	0.0691	0.1734	0.2158	0.01736	0.06274	0.2253	0.2597	0.2315	0.5372	0.6607	0.5852	0.8028	0.6481	0.5645	0.5333	0.4578
TCGA-AA-A01F-01A																			
TCGA-NH-A8F7-01A	0.4007	0.03973	0.04453	0.01675	0.02313	0.02635	0.01271	0.01774	0.04076	0.08149	0.02997	0.02827	0.04443	0.03548	0.7683	0.8918	0.7956	0.842	0.3778
TCGA-A6-A56B-01A	0.7634	0.04817	0.3696	0.03353	0.1019	0.181	0.06528	0.0201	0.2102	0.287	0.161	0.1238	0.4948	0.5698	0.8354	0.8235	0.539	0.5384	0.2753
TCGA-CK-6751-01A	0.4609	0.559	0.5216	0.5929	0.5168	0.6494	0.3826	0.3535	0.3463	0.4333	0.7014	0.6307	0.6733	0.7546	0.8246	0.6227	0.666	0.5785	0.3805
TCGA-A6-3809-01B	0.214	0.7914	0.7479	0.6625	0.5487	0.6516	0.3541	0.1896	0.8001	0.7748	0.6549	0.4051	0.8019	0.692	0.7893	0.7863	0.7959	0.7083	0.2013
TCGA-AA-3495-01A	0.4615	0.3513	0.6243	0.237	0.2985	0.3543	0.2056	0.1873	0.4069	0.4586	0.6315	0.2845	0.7146	0.69	0.8449	0.8159	0.708	0.5891	0.4173
TCGA-DM-A288-01A	0.4435	0.414	0.8044	0.8135	0.4672	0.5261	0.4244	0.1507	0.7303	0.8613	0.7819	0.8872	0.9049	0.8791	0.8877	0.8199	0.8524	0.7665	0.343
TCGA-AA-A00Q-01A																			
TCGA-AA-A01P-01A																			
TCGA-AA-A02H-01A																			
TCGA-AZ-4681-01A	0.112	0.07225	0.8114	0.2606	0.169	0.06534	0.01828	0.01961	0.1554	0.2639	0.3027	0.4075	0.6737	0.8233	0.76	0.8574	0.7886	0.5541	0.4036
TCGA-A6-2670-01A																			
TCGA-AA-3558-01A																			
TCGA-AA-3695-01A																			
TCGA-AA-3967-01A																			
TCGA-NH-A50V-01B																			