sample	cg01999908	cg17147579	cg20135307	cg08886154	cg18170071	cg20082779	cg20672477	cg16514843	cg10251554	cg11975652
TCGA-NH-A8F7-06A	0.5421	0.536	0.4064	0.1817	0.327	0.1216	0.1129	0.427	0.7871	0.326
TCGA-NH-A6GC-06A										
TCGA-G4-6317-02A	0.9265	0.8968	0.911	0.2876	0.1877	0.5501	0.1385	0.5991	0.8907	0.378
TCGA-AZ-6599-11A	0.8535	0.9133	0.8367	0.6763	0.51	0.5772	0.5522	0.7442	0.8407	0.6425
TCGA-AA-3655-11A	0.9369	0.9281	0.8599	0.6815	0.4418	0.5756	0.5648	0.806	0.8864	0.6597
TCGA-AA-3525-11A										
TCGA-AZ-6603-11A										
TCGA-A6-2683-11A										
TCGA-AZ-6601-11A	0.9258	0.9245	0.8835	0.6797	0.4792	0.5448	0.5121	0.7715	0.8375	0.6414
TCGA-AZ-6600-11A	0.9001	0.8957	0.8161	0.7598	0.4731	0.5709	0.546	0.7693	0.8932	0.6243
TCGA-A6-2671-11A	0.8855	0.9132	0.8154	0.6795	0.4304	0.5065	0.5237	0.7458	0.8388	0.6204
TCGA-F4-6704-11A										
TCGA-AA-3511-11A										
TCGA-AZ-6598-11A	0.9235	0.9368	0.8332	0.6554	0.5317	0.5746	0.5458	0.7687	0.8507	0.6425
TCGA-AA-3662-11A										
TCGA-A6-2682-11A	0.9088	0.91	0.8223	0.6471	0.4364	0.5021	0.4972	0.7435	0.8693	0.5954
TCGA-AA-3660-11A	0.9058	0.9111	0.8458	0.6129	0.4118	0.5176	0.544	0.7296	0.8328	0.6554
TCGA-AA-3712-11A	0.9069	0.915	0.818	0.672	0.5288	0.5697	0.5705	0.746	0.8741	0.6194
TCGA-A6-2678-11A										
TCGA-AA-3489-11A										
TCGA-AA-3697-11A	0.8862	0.8855	0.8717	0.6252	0.3857	0.5119	0.5218	0.7474	0.8656	0.5861
TCGA-AA-3713-11A	0.85	0.8996	0.851	0.5954	0.4076	0.5186	0.5104	0.7637	0.8441	0.5878
TCGA-AA-3514-11A										
TCGA-A6-2685-11A	0.8955	0.9063	0.8715	0.6712	0.3896	0.5752	0.5235	0.7355	0.8258	0.6191
TCGA-AA-3520-11A										
TCGA-A6-5667-11A	0.9502	0.9405	0.8543	0.696	0.4569	0.5676	0.5604	0.696	0.8071	0.6403
TCGA-AA-3518-11A										
TCGA-A6-2684-11A	0.8369	0.8958	0.8026	0.6176	0.44	0.551	0.4853	0.7518	0.8735	0.6106
TCGA-AA-3663-11A	0.8907	0.9067	0.8139	0.6898	0.3637	0.5918	0.5532	0.7787	0.8616	0.6248
TCGA-A6-2686-11A	0.9106	0.897	0.8735	0.6521	0.4723	0.5156	0.4804	0.7698	0.8528	0.5909
TCGA-A6-2679-11A	0.8684	0.8973	0.8379	0.5773	0.3859	0.49	0.4402	0.7547	0.7968	0.5536
TCGA-AA-3534-11A										
TCGA-AA-3522-11A										
TCGA-AA-3527-11A										
TCGA-AA-3531-11A										
TCGA-A6-5662-11A										
TCGA-A6-5665-11A										
TCGA-AA-3516-11A										
TCGA-AA-3496-11A										
TCGA-A6-5659-11A										
TCGA-A6-2680-11A	0.913	0.932	0.8485	0.706	0.4359	0.5926	0.5657	0.7833	0.8684	0.6268
TCGA-AA-3517-11A										
TCGA-A6-2675-11A	0.798	0.9058	0.7828	0.6901	0.4325	0.5883	0.6692	0.7598	0.8216	0.5894
TCGA-AZ-6605-11A										
TCGA-G4-6625-11A	0.9322	0.9368	0.837	0.7049	0.5501	0.5598	0.5323	0.8032	0.838	0.6175
TCGA-G4-6322-11A	0.9281	0.9406	0.8373	0.7045	0.5591	0.6183	0.5518	0.7692	0.8508	0.645
TCGA-G4-6302-11A	0.8494	0.8657	0.4913	0.666	0.6437	0.4439	0.5664	0.7788	0.795	0.5847
TCGA-G4-6311-11A	0.8827	0.9175	0.8361	0.6401	0.437	0.531	0.53	0.7798	0.8416	0.6189
TCGA-AA-3492-11A	0.8582	0.8882	0.8317	0.6536	0.38	0.5113	0.4675	0.7153	0.8629	0.5862
TCGA-G4-6320-11A	0.8734	0.903	0.818	0.6328	0.4795	0.5691	0.5307	0.747	0.8516	0.6112
TCGA-A6-2681-11A	0.858	0.8776	0.8343	0.5862	0.398	0.5234	0.4663	0.7163	0.8374	0.581
TCGA-AA-3488-11A	0.9006	0.9065	0.8359	0.6198	0.4078	0.5389	0.481	0.7627	0.8669	0.5933
TCGA-G4-6295-11A	0.8537	0.8422	0.7847	0.5252	0.4069	0.504	0.4804	0.6634	0.7547	0.5577
TCGA-AA-3502-11A	0.8768	0.9094	0.8279	0.6261	0.364	0.5298	0.4736	0.753	0.8552	0.5585
TCGA-G4-6297-11A	0.9296	0.9397	0.8639	0.6513	0.4614	0.5902	0.5276	0.7513	0.8292	0.6105
TCGA-AA-3495-11A	0.9168	0.8969	0.8522	0.6785	0.3653	0.4959	0.4695	0.7407	0.8309	0.5884
TCGA-G4-6314-11A	0.9243	0.9233	0.8176	0.6515	0.4818	0.5278	0.4999	0.7341	0.8499	0.6292
TCGA-AA-3506-11A	0.8987	0.9027	0.8328	0.6663	0.3426	0.5128	0.4676	0.7188	0.804	0.5755
TCGA-AA-3509-11A	0.9112	0.8878	0.8467	0.7041	0.4099	0.5826	0.5858	0.7833	0.8788	0.6126
TCGA-G4-6298-11A	0.9356	0.8046	0.5748	0.649	0.4829	0.6384	0.5252	0.7788	0.7975	0.6561
TCGA-AA-3494-11A	0.9095	0.9207	0.8681	0.6382	0.3877	0.5108	0.4946	0.7768	0.8321	0.6116
TCGA-AA-3510-11A	0.8863	0.8998	0.8412	0.6766	0.3834	0.5166	0.4446	0.7559	0.8304	0.594
TCGA-A6-4107-11A	0.9016	0.9045	0.8429	0.6468	0.3918	0.4812	0.4654	0.7405	0.8724	0.5716
TCGA-A6-2672-11A										
TCGA-A6-2674-11A										
TCGA-A6-2676-11A										
TCGA-A6-2677-11A										
TCGA-A6-3807-11A										
TCGA-A6-3808-11A										
TCGA-A6-3809-11A										
TCGA-A6-3810-11A										
TCGA-A6-5657-11A										
TCGA-A6-5660-11A										
TCGA-A6-5661-11A										
TCGA-A6-5666-11A										
TCGA-AA-3519-11A										
TCGA-AA-3521-11A										
TCGA-AA-3524-11A										
TCGA-AA-3526-11A										
TCGA-AA-3529-11A										
TCGA-AA-3530-11A										
TCGA-AA-3532-11A										
TCGA-AA-A01P-11A										
TCGA-AA-A01R-11A										
TCGA-AA-A01S-11A										
TCGA-AA-A01T-11A										
TCGA-AA-A01V-11A										
TCGA-AA-A01X-11A										
TCGA-AA-A01Z-11A										
TCGA-AA-A022-11A										
TCGA-AA-A02O-11A										
TCGA-AA-A03F-11A										
TCGA-AA-A03J-11A										
TCGA-AZ-6606-11A										
TCGA-AZ-6607-11A										
TCGA-AZ-6608-11A										
TCGA-AA-A00J-01A										
TCGA-AA-3492-01A	0.5869	0.8779	0.8736	0.4626	0.7516	0.495	0.4519	0.7777	0.7997	0.5347
TCGA-G4-6314-01A	0.894	0.888	0.6768	0.4299	0.5171	0.2861	0.3107	0.6426	0.7038	0.415
TCGA-A6-6653-01A	0.9422	0.9648	0.9242	0.5149	0.8364	0.8426	0.7829	0.8599	0.9114	0.8706
TCGA-CK-5913-01A	0.4414	0.4887	0.4919	0.297	0.495	0.3827	0.2737	0.4863	0.609	0.4178
TCGA-AD-6965-01A	0.4378	0.4893	0.4356	0.1664	0.3598	0.1813	0.1824	0.3071	0.3133	0.2447
TCGA-AA-3672-01A										
TCGA-AA-A00U-01A										
TCGA-AA-3815-01A										
TCGA-AA-3518-01A										
TCGA-AA-3555-01A										
TCGA-A6-5661-01A	0.8701	0.9088	0.587	0.4672	0.7164	0.7942	0.7503	0.5915	0.8642	0.7552
TCGA-AA-A00E-01A										
TCGA-AD-6889-01A	0.9524	0.9438	0.5429	0.5486	0.8184	0.5181	0.4891	0.8392	0.8732	0.7958
TCGA-AA-A02O-01A										
TCGA-A6-5665-01A	0.3536	0.6879	0.6169	0.3273	0.3195	0.7048	0.2888	0.7895	0.8878	0.6477
TCGA-AA-3664-01A										
TCGA-AA-3514-01A										
TCGA-G4-6586-01A	0.6898	0.7795	0.3782	0.3034	0.4822	0.3203	0.2834	0.5745	0.8846	0.3019
TCGA-AA-A01R-01A										
TCGA-DM-A1HB-01A	0.8636	0.8765	0.7663	0.3389	0.2587	0.3211	0.4446	0.7555	0.5243	0.4698
TCGA-AA-3842-01A										
TCGA-AZ-6598-01A	0.5601	0.7044	0.8801	0.5226	0.6055	0.6092	0.4307	0.8303	0.9221	0.7489
TCGA-CM-6171-01A	0.8698	0.7044	0.8214	0.2805	0.4763	0.2648	0.2702	0.7402	0.8377	0.5368
TCGA-AZ-6601-01A	0.8678	0.865	0.7561	0.4993	0.3107	0.38	0.4231	0.6474	0.6855	0.4771
TCGA-G4-6304-01A	0.9366	0.9177	0.6712	0.6276	0.3334	0.5381	0.5343	0.6465	0.8125	0.5508
TCGA-AA-3848-01A										
TCGA-CK-6747-01A	0.6289	0.9076	0.645	0.4117	0.4867	0.4806	0.4553	0.805	0.4541	0.2985
TCGA-AA-3712-01A	0.4517	0.5823	0.6922	0.3774	0.6294	0.2067	0.3193	0.795	0.68	0.2393
TCGA-AA-3952-01A										
TCGA-AA-3527-01A										
TCGA-AD-A5EJ-01A	0.9543	0.9334	0.9178	0.5823	0.5903	0.7135	0.7003	0.8281	0.6816	0.698
TCGA-G4-6299-01A	0.7673	0.9203	0.749	0.4548	0.2708	0.526	0.461	0.7909	0.8829	0.6885
TCGA-AA-3680-01A										
TCGA-AA-A03F-01A										
TCGA-AA-A01G-01A										
TCGA-AA-3531-01A										
TCGA-AA-3520-01A										
TCGA-AA-A01D-01A										
TCGA-5M-AATA-01A	0.5755	0.6845	0.5714	0.2865	0.2837	0.2949	0.2609	0.4333	0.8021	0.53
TCGA-CM-4751-01A	0.5502	0.6906	0.5207	0.4197	0.2578	0.281	0.2744	0.6012	0.4233	0.3686
TCGA-AD-5900-01A	0.869	0.8435	0.8408	0.5264	0.423	0.5564	0.559	0.7954	0.7914	0.4989
TCGA-G4-6295-01A	0.4912	0.3309	0.4945	0.1865	0.1038	0.2178	0.2304	0.3599	0.3448	0.2593
TCGA-AZ-4615-01A	0.9106	0.8952	0.8792	0.3091	0.497	0.4993	0.4026	0.7296	0.8889	0.557
TCGA-F4-6808-01A	0.4255	0.5444	0.6914	0.2636	0.2495	0.2697	0.2829	0.416	0.5397	0.3746
TCGA-AA-3660-01A	0.927	0.9105	0.7975	0.3577	0.4172	0.7032	0.4449	0.8534	0.3235	0.3144
TCGA-AZ-4616-01A	0.8529	0.9149	0.7567	0.4855	0.3778	0.4362	0.3377	0.8071	0.6702	0.4062
TCGA-D5-6539-01A	0.8495	0.8807	0.765	0.5633	0.5173	0.4655	0.422	0.6794	0.6961	0.4454
TCGA-G4-6317-01A	0.6702	0.8894	0.862	0.2917	0.6712	0.4628	0.3834	0.7178	0.6465	0.5801
TCGA-4T-AA8H-01A	0.2704	0.3565	0.3679	0.2284	0.3044	0.2511	0.1848	0.4138	0.5822	0.2198
TCGA-DM-A285-01A	0.5644	0.6739	0.388	0.2932	0.3942	0.3882	0.3199	0.6052	0.3562	0.3894
TCGA-AY-6197-01A	0.6676	0.946	0.9018	0.5364	0.6185	0.7877	0.6606	0.8377	0.8825	0.4487
TCGA-AA-3506-01A	0.5041	0.4486	0.5052	0.2667	0.1302	0.2297	0.2	0.4903	0.7668	0.4476
TCGA-AA-3949-01A										
TCGA-DM-A28F-01A	0.61	0.703	0.8853	0.3418	0.3521	0.4857	0.2306	0.4212	0.5275	0.3201
TCGA-CA-6717-01A	0.8922	0.9203	0.7046	0.5943	0.4234	0.4879	0.4864	0.7881	0.8536	0.5664
TCGA-DM-A28A-01A	0.9631	0.9411	0.8743	0.4618	0.5292	0.4389	0.4748	0.8269	0.8751	0.5254
TCGA-QG-A5YW-01A	0.3534	0.6305	0.3518	0.2384	0.3011	0.2384	0.258	0.5822	0.4247	0.2984
TCGA-AA-3524-01A										
TCGA-AZ-6606-01A	0.944	0.94	0.3853	0.5036	0.6753	0.5724	0.6198	0.7942	0.859	0.731
TCGA-AA-3989-01A										
TCGA-AA-3488-01A	0.7648	0.9358	0.6896	0.291	0.5226	0.155	0.536	0.803	0.6678	0.3425
TCGA-AA-3855-01A										
TCGA-CM-4748-01A	0.6792	0.8703	0.4947	0.3245	0.2871	0.3009	0.2738	0.7263	0.4647	0.321
TCGA-F4-6807-01A	0.9274	0.9182	0.8752	0.4163	0.5015	0.3661	0.3229	0.7271	0.8087	0.4183
TCGA-AA-3534-01A										
TCGA-F4-6704-01A	0.7954	0.7559	0.4879	0.3279	0.3267	0.3275	0.3022	0.5064	0.4066	0.3521
TCGA-AA-3869-01A										
TCGA-D5-6538-01A	0.9595	0.9473	0.4147	0.2935	0.5482	0.2988	0.2803	0.8132	0.1183	0.2276
TCGA-AA-A01T-01A										
TCGA-DM-A1DA-01A	0.4489	0.7049	0.9207	0.2252	0.6148	0.1472	0.1238	0.8245	0.5363	0.1584
TCGA-CA-5256-01A	0.5572	0.7396	0.891	0.2901	0.2931	0.3072	0.3362	0.7787	0.3668	0.3987
TCGA-AA-3986-01A										
TCGA-AA-3543-01A										
TCGA-AA-A01S-01A										
TCGA-CM-6168-01A	0.8636	0.8689	0.7447	0.4424	0.3434	0.3898	0.3888	0.7972	0.8463	0.4536
TCGA-A6-6780-01A	0.6147	0.6615	0.3567	0.2865	0.5019	0.5173	0.4201	0.5551	0.4563	0.3172
TCGA-CA-5254-01A	0.947	0.9328	0.8343	0.5403	0.58	0.4627	0.4239	0.8043	0.3822	0.4606
TCGA-CK-5914-01A	0.774	0.824	0.8494	0.6422	0.6858	0.2682	0.5096	0.8425	0.6299	0.5176
TCGA-AA-3554-01A										
TCGA-AA-3696-01A										
TCGA-CM-5863-01A	0.72	0.8273	0.6315	0.4345	0.3515	0.3895	0.3936	0.6721	0.6642	0.4353
TCGA-D5-6931-01A	0.856	0.8582	0.5222	0.4031	0.4709	0.3532	0.3318	0.5884	0.5322	0.4472
TCGA-AY-A71X-01A	0.8799	0.8665	0.5222	0.218	0.5792	0.4046	0.3675	0.4249	0.4499	0.2478
TCGA-DM-A28G-01A	0.4579	0.719	0.7874	0.3024	0.2946	0.2835	0.252	0.7061	0.5975	0.3293
TCGA-A6-6649-01A	0.9062	0.9026	0.5158	0.3732	0.5353	0.5769	0.4764	0.796	0.8392	0.6271
TCGA-F4-6569-01A	0.7354	0.9267	0.8324	0.5906	0.5066	0.3357	0.4176	0.7702	0.8767	0.4835
TCGA-AA-3663-01A	0.339	0.3828	0.8441	0.7432	0.5542	0.4779	0.2542	0.8352	0.8857	0.3314
TCGA-AA-3526-01A										
TCGA-F4-6856-01A	0.8178	0.9207	0.872	0.4824	0.1809	0.4489	0.3886	0.7807	0.4983	0.392
TCGA-AA-A00A-01A										
TCGA-AA-A010-01A										
TCGA-A6-5661-01B	0.9488	0.9245	0.761	0.6166	0.6075	0.7538	0.6744	0.7773	0.8595	0.7784
TCGA-AA-3851-01A										
TCGA-CK-4952-01A	0.5305	0.7504	0.2242	0.1688	0.2127	0.2253	0.2121	0.502	0.3896	0.1976
TCGA-CM-5348-01A	0.3975	0.4586	0.5308	0.3262	0.1394	0.3481	0.3193	0.4548	0.4777	0.3912
TCGA-A6-2678-01A										
TCGA-NH-A50T-01A	0.6451	0.7697	0.3455	0.2243	0.142	0.166	0.1614	0.3475	0.4302	0.2229
TCGA-A6-5665-01B	0.6232	0.5979	0.6298	0.3738	0.4841	0.7228	0.3185	0.8328	0.9035	0.7381
TCGA-G4-6293-01A	0.5913	0.7562	0.3645	0.2566	0.2144	0.3138	0.288	0.5203	0.3898	0.4163
TCGA-AA-3872-01A										
TCGA-AA-3556-01A										
TCGA-G4-6309-01A	0.6205	0.9016	0.889	0.5369	0.1097	0.5165	0.2165	0.4357	0.4085	0.6268
TCGA-AA-3831-01A										
TCGA-AA-3542-01A										
TCGA-F4-6703-01A	0.869	0.873	0.877	0.5841	0.3588	0.3908	0.4558	0.7542	0.6864	0.5303
TCGA-AA-3877-01A										
TCGA-AA-3684-01A										
TCGA-A6-6780-01B	0.6816	0.8123	0.4732	0.3597	0.5116	0.4873	0.3857	0.5666	0.3641	0.4028
TCGA-D5-6920-01A	0.8862	0.8746	0.8471	0.5952	0.6337	0.5353	0.4331	0.7184	0.816	0.4973
TCGA-D5-7000-01A	0.7434	0.7336	0.8641	0.3405	0.4593	0.3766	0.405	0.5719	0.3202	0.2996
TCGA-AZ-6600-01A	0.8397	0.9259	0.8177	0.5303	0.5365	0.6051	0.4254	0.8202	0.8242	0.669
TCGA-AA-3950-01A										
TCGA-F4-6805-01A	0.7861	0.9296	0.8327	0.5391	0.5109	0.6307	0.6341	0.7901	0.9028	0.5472
TCGA-NH-A8F8-01A	0.3397	0.6631	0.8209	0.2712	0.09811	0.244	0.2667	0.7153	0.7931	0.4577
TCGA-CK-4947-01B	0.7921	0.8596	0.7604	0.3729	0.3784	0.4334	0.3608	0.7687	0.8524	0.4338
TCGA-G4-6306-01A	0.9353	0.9019	0.8362	0.3845	0.493	0.4422	0.2673	0.869	0.7721	0.4767
TCGA-AA-3715-01A										
TCGA-A6-2680-01A	0.8436	0.8591	0.532	0.2663	0.1446	0.2253	0.2161	0.3473	0.8669	0.3786
TCGA-AA-3956-01A										
TCGA-D5-6927-01A	0.9214	0.9195	0.6674	0.4409	0.4086	0.4603	0.3757	0.5919	0.7825	0.4264
TCGA-AA-3552-01A										
TCGA-D5-6541-01A	0.7471	0.7572	0.8395	0.3695	0.6162	0.4591	0.5462	0.7697	0.7718	0.3763
TCGA-AZ-4323-01A	0.826	0.7968	0.7012	0.5988	0.3336	0.5573	0.541	0.6871	0.8041	0.6023
TCGA-AA-3561-01A										
TCGA-DM-A0X9-01A	0.916	0.9404	0.7838	0.2659	0.4252	0.2328	0.2112	0.5702	0.9412	0.2883
TCGA-AD-6890-01A	0.8906	0.9033	0.866	0.3057	0.479	0.404	0.3385	0.7066	0.6622	0.3845
TCGA-D5-6932-01A	0.9402	0.9278	0.6864	0.499	0.3977	0.4203	0.4031	0.4791	0.896	0.4502
TCGA-AD-6899-01A	0.8976	0.8907	0.8492	0.4286	0.5568	0.3536	0.5193	0.7291	0.856	0.5103
TCGA-CM-5860-01A	0.851	0.8978	0.8822	0.4142	0.3566	0.4729	0.3135	0.8328	0.4102	0.3221
TCGA-D5-6529-01A	0.9217	0.917	0.8445	0.4934	0.636	0.4924	0.4796	0.7922	0.6664	0.5798
TCGA-AD-6964-01A	0.5088	0.6215	0.5368	0.3764	0.3081	0.4493	0.3304	0.5666	0.5015	0.4762
TCGA-AA-A00F-01A										
TCGA-AA-3875-01A										
TCGA-CM-6161-01A	0.7035	0.6827	0.6397	0.3588	0.3704	0.3721	0.3432	0.6779	0.5272	0.3359
TCGA-3L-AA1B-01A	0.7844	0.8289	0.781	0.4244	0.4462	0.4053	0.299	0.7564	0.7132	0.4417
TCGA-AA-3560-01A										
TCGA-AA-3845-01A										
TCGA-AA-A00Z-01A										
TCGA-DM-A1D4-01A	0.7602	0.9589	0.6685	0.4	0.6507	0.1905	0.1871	0.8713	0.1147	0.2107
TCGA-AA-3710-01A										
TCGA-AA-3519-01A										
TCGA-CM-4744-01A	0.3266	0.4115	0.4477	0.2164	0.1787	0.2277	0.2018	0.4989	0.2269	0.3004
TCGA-CK-4948-01B	0.3714	0.4234	0.4342	0.3668	0.2204	0.3462	0.3252	0.4659	0.2946	0.3711
TCGA-T9-A92H-01A	0.9523	0.911	0.8794	0.2199	0.3505	0.5526	0.1924	0.3913	0.8934	0.7198
TCGA-A6-3808-01A										
TCGA-AA-3837-01A										
TCGA-G4-6321-01A	0.8157	0.8596	0.7059	0.4311	0.4447	0.5336	0.3896	0.7571	0.7618	0.521
TCGA-CA-5255-01A	0.8062	0.9194	0.8626	0.509	0.4376	0.5943	0.3545	0.7539	0.8801	0.401
TCGA-AA-3532-01A										
TCGA-QG-A5YV-01A	0.6575	0.932	0.7822	0.2234	0.6017	0.3114	0.147	0.7892	0.6014	0.5037
TCGA-D5-6540-01A	0.935	0.9377	0.5949	0.3188	0.573	0.5165	0.4072	0.8208	0.7883	0.3086
TCGA-AZ-6605-01A	0.9404	0.894	0.8707	0.4574	0.4207	0.5615	0.4698	0.7516	0.7191	0.4454
TCGA-AA-3509-01A	0.9377	0.9154	0.8948	0.7456	0.4698	0.7819	0.2065	0.7684	0.9035	0.6749
TCGA-AY-6386-01A	0.652	0.7288	0.509	0.4089	0.5019	0.2802	0.4165	0.7533	0.3968	0.391
TCGA-NH-A6GA-01A	0.6035	0.7428	0.3967	0.2102	0.542	0.1955	0.1809	0.4677	0.5977	0.5006
TCGA-DM-A282-01A	0.9441	0.9594	0.605	0.4913	0.4962	0.299	0.2562	0.8471	0.6723	0.309
TCGA-A6-5664-01A	0.7757	0.8693	0.851	0.5761	0.4425	0.473	0.4447	0.7607	0.6965	0.5489
TCGA-AY-A54L-01A	0.3208	0.4023	0.3885	0.2377	0.1556	0.1812	0.2346	0.4225	0.4097	0.3003
TCGA-AA-A01I-01A										
TCGA-AA-3861-01A										
TCGA-AA-A01K-01A										
TCGA-AA-3529-01A										
TCGA-AA-3858-01A										
TCGA-CK-4950-01A	0.7061	0.8721	0.875	0.3978	0.4981	0.5512	0.332	0.807	0.8053	0.4636
TCGA-CK-4951-01A	0.6981	0.8849	0.8424	0.652	0.1708	0.4775	0.3117	0.5803	0.5652	0.3673
TCGA-A6-2686-01A	0.5633	0.7805	0.6757	0.3886	0.3756	0.4173	0.2683	0.5592	0.4886	0.4792
TCGA-F4-6463-01A	0.5829	0.7366	0.7796	0.4521	0.3974	0.3905	0.3954	0.7295	0.8404	0.6322
TCGA-5M-AAT5-01A	0.8299	0.8284	0.5326	0.1549	0.3907	0.1768	0.1996	0.4921	0.648	0.2375
TCGA-AU-6004-01A	0.9147	0.9261	0.8551	0.5703	0.236	0.5613	0.4054	0.8135	0.9056	0.5743
TCGA-AZ-4313-01A	0.5069	0.4633	0.7908	0.3909	0.1917	0.3005	0.2965	0.5093	0.48	0.3455
TCGA-AA-3856-01A										
TCGA-AA-3818-01A										
TCGA-CM-6169-01A	0.572	0.7958	0.6555	0.3487	0.2968	0.3558	0.2681	0.7117	0.267	0.3456
TCGA-A6-2683-01A										
TCGA-AA-3530-01A										
TCGA-AA-3947-01A										
TCGA-DM-A1D9-01A	0.9163	0.7086	0.6221	0.3002	0.1546	0.4565	0.2542	0.8385	0.443	0.465
TCGA-A6-4107-01A	0.8933	0.9185	0.7112	0.5407	0.4429	0.7397	0.4078	0.7706	0.8499	0.4125
TCGA-AA-3812-01A										
TCGA-AA-3870-01A										
TCGA-DM-A1D8-01A	0.7665	0.7868	0.8064	0.4407	0.6293	0.4663	0.2453	0.7037	0.2883	0.5874
TCGA-CM-6162-01A	0.8544	0.8797	0.7432	0.4471	0.2694	0.4301	0.3601	0.8014	0.8021	0.5124
TCGA-AA-3971-01A										
TCGA-AA-3867-01A										
TCGA-AD-6548-01A	0.5247	0.5618	0.5148	0.4469	0.2528	0.3475	0.403	0.6131	0.3563	0.4302
TCGA-NH-A50V-01A	0.9084	0.9265	0.8805	0.4504	0.2889	0.7003	0.3369	0.7441	0.8683	0.6758
TCGA-AA-A01V-01A										
TCGA-A6-3809-01A	0.8786	0.8214	0.4825	0.3156	0.425	0.3291	0.3052	0.6233	0.5675	0.4694
TCGA-CK-5916-01A	0.924	0.7307	0.6299	0.4945	0.6405	0.6759	0.5121	0.8133	0.8779	0.5189
TCGA-CM-6680-01A	0.6559	0.7546	0.3225	0.2804	0.705	0.2954	0.2453	0.8614	0.5218	0.4705
TCGA-G4-6320-01A	0.5152	0.7992	0.6117	0.3457	0.3279	0.3604	0.2615	0.7284	0.4848	0.2598
TCGA-A6-5660-01A	0.6096	0.7806	0.8072	0.3835	0.5532	0.4773	0.3032	0.6189	0.6993	0.5988
TCGA-AA-A02J-01A										
TCGA-AA-3549-01A										
TCGA-A6-A566-01A	0.595	0.6211	0.6562	0.3927	0.2032	0.3784	0.3439	0.4698	0.5148	0.3911
TCGA-CK-5915-01A	0.9222	0.921	0.5483	0.4894	0.6017	0.4846	0.3659	0.8562	0.8983	0.8048
TCGA-AA-3976-01A										
TCGA-G4-6588-01A	0.8952	0.9398	0.8734	0.4177	0.5143	0.586	0.3433	0.8209	0.6645	0.5299
TCGA-AA-3685-01A										
TCGA-QG-A5Z2-01A	0.8519	0.9058	0.8786	0.4156	0.4389	0.4518	0.3374	0.7263	0.8867	0.4878
TCGA-AA-3968-01A										
TCGA-A6-2681-01A	0.9176	0.9257	0.858	0.3374	0.6416	0.4625	0.3134	0.5975	0.5453	0.4014
TCGA-QG-A5YX-01A	0.5298	0.8368	0.5037	0.1846	0.09467	0.1765	0.2714	0.4738	0.808	0.4124
TCGA-DM-A28K-01A	0.6765	0.7981	0.885	0.4373	0.4599	0.4623	0.3344	0.8332	0.8587	0.2287
TCGA-AA-3553-01A										
TCGA-AA-3562-01A										
TCGA-CM-6678-01A	0.9282	0.9045	0.6778	0.4018	0.3509	0.3315	0.439	0.7942	0.8133	0.5114
TCGA-A6-5667-01A	0.803	0.8838	0.8619	0.3023	0.2358	0.3969	0.2333	0.7688	0.8031	0.5786
TCGA-5M-AAT4-01A	0.7233	0.8623	0.8576	0.2643	0.4803	0.2358	0.209	0.7088	0.6116	0.4869
TCGA-AA-3525-01A										
TCGA-AA-3982-01A										
TCGA-A6-2675-01A	0.797	0.8675	0.853	0.3723	0.2116	0.3207	0.3287	0.7232	0.8328	0.3646
TCGA-CM-4750-01A	0.7147	0.6032	0.5537	0.2045	0.3337	0.194	0.2078	0.5791	0.6403	0.4013
TCGA-AA-3860-01A										
TCGA-G4-6626-01A	0.4619	0.6775	0.6551	0.6705	0.1729	0.4858	0.2455	0.4663	0.2496	0.2858
TCGA-A6-2685-01A	0.7634	0.7625	0.8605	0.5071	0.228	0.5431	0.4225	0.65	0.8591	0.4668
TCGA-A6-2684-01C	0.7522	0.8896	0.9082	0.5694	0.6661	0.3822	0.4963	0.843	0.7235	0.5763
TCGA-A6-6782-01A	0.9275	0.869	0.8438	0.3641	0.636	0.4447	0.3437	0.8078	0.7548	0.6815
TCGA-A6-4105-01A	0.8578	0.9477	0.8909	0.4834	0.5231	0.6013	0.4974	0.8289	0.7014	0.3455
TCGA-AA-3955-01A										
TCGA-AA-A02Y-01A										
TCGA-G4-6625-01A	0.6982	0.9258	0.8588	0.4524	0.3948	0.3883	0.4133	0.6804	0.8262	0.4696
TCGA-AA-3966-01A										
TCGA-AA-3681-01A										
TCGA-A6-6650-01A	0.4822	0.7068	0.7115	0.3325	0.1679	0.5235	0.3876	0.8249	0.7964	0.217
TCGA-AA-3852-01A										
TCGA-AA-3666-01A										
TCGA-AA-3516-01A										
TCGA-D5-6534-01A	0.7027	0.8148	0.7812	0.4306	0.5138	0.5421	0.4553	0.7834	0.824	0.5959
TCGA-AA-A00K-01A										
TCGA-AD-6888-01A	0.5185	0.5188	0.5912	0.2469	0.2635	0.2412	0.2135	0.4887	0.4578	0.2767
TCGA-D5-5539-01A	0.3428	0.6736	0.8633	0.5031	0.3364	0.5088	0.4012	0.8328	0.438	0.5125
TCGA-A6-6654-01A	0.9464	0.9411	0.7453	0.5078	0.6063	0.531	0.4312	0.7714	0.8466	0.4844
TCGA-AA-A01C-01A										
TCGA-AA-3941-01A										
TCGA-CM-4752-01A	0.4118	0.5542	0.6237	0.3113	0.306	0.365	0.3063	0.5422	0.4792	0.3132
TCGA-AA-A02E-01A										
TCGA-A6-2682-01A	0.5884	0.5899	0.4607	0.3345	0.1737	0.3202	0.3226	0.7023	0.595	0.382
TCGA-A6-2676-01A										
TCGA-AY-4071-01A										
TCGA-AA-3821-01A										
TCGA-A6-6650-01B	0.4538	0.7643	0.7109	0.299	0.236	0.4666	0.3466	0.834	0.6689	0.3035
TCGA-A6-2672-01A										
TCGA-AA-3811-01A										
TCGA-D5-6928-01A	0.6514	0.6844	0.5935	0.4568	0.1962	0.455	0.3881	0.5654	0.554	0.4889
TCGA-A6-3810-01B	0.6692	0.9197	0.8349	0.3583	0.5187	0.5442	0.494	0.7795	0.7474	0.3887
TCGA-CM-5344-01A	0.7354	0.8947	0.6697	0.5035	0.3486	0.391	0.4607	0.713	0.8695	0.4183
TCGA-AY-5543-01A	0.9261	0.906	0.3924	0.3226	0.4935	0.5734	0.4812	0.5883	0.8595	0.6382
TCGA-AY-4070-01A										
TCGA-CM-6163-01A	0.6569	0.92	0.6165	0.3548	0.5463	0.6631	0.4853	0.8228	0.8368	0.5715
TCGA-D5-6535-01A	0.6066	0.7039	0.5497	0.2777	0.5007	0.6014	0.2741	0.7871	0.5416	0.4212
TCGA-A6-5659-01A	0.678	0.7529	0.8143	0.2111	0.5879	0.3789	0.2934	0.651	0.4696	0.4398
TCGA-AA-3814-01A										
TCGA-NH-A5IV-01A	0.8944	0.8755	0.8753	0.369	0.7099	0.4722	0.3274	0.7947	0.6307	0.3254
TCGA-D5-6537-01A	0.4811	0.4849	0.6442	0.1965	0.3299	0.2086	0.3382	0.6153	0.7562	0.3244
TCGA-D5-6929-01A	0.5129	0.5572	0.7001	0.2539	0.3071	0.2748	0.3037	0.7298	0.6743	0.3328
TCGA-A6-6137-01A	0.5243	0.6445	0.7496	0.4724	0.1918	0.5323	0.2741	0.4745	0.7041	0.3957
TCGA-F4-6854-01A	0.9293	0.8976	0.9086	0.3683	0.6025	0.4125	0.3506	0.794	0.8314	0.7201
TCGA-AY-A69D-01A	0.7073	0.9188	0.6837	0.3205	0.6432	0.6186	0.3396	0.8249	0.8526	0.4427
TCGA-AA-3854-01A										
TCGA-AA-3538-01A										
TCGA-G4-6628-01A	0.9298	0.9144	0.6328	0.4973	0.5855	0.6413	0.3577	0.7835	0.5794	0.3907
TCGA-CM-5349-01A	0.899	0.915	0.5959	0.7544	0.4232	0.4424	0.526	0.8106	0.8181	0.5538
TCGA-AA-A02W-01A										
TCGA-G4-6322-01A	0.1297	0.2279	0.1832	0.1275	0.09909	0.1595	0.1448	0.3408	0.09626	0.176
TCGA-CM-6170-01A	0.9064	0.897	0.6806	0.4987	0.7816	0.226	0.2069	0.5725	0.7835	0.4171
TCGA-AA-3819-01A										
TCGA-D5-6531-01A	0.8149	0.8794	0.6556	0.3123	0.3019	0.4022	0.3937	0.8336	0.1612	0.4585
TCGA-AU-3779-01A	0.9227	0.8661	0.8517	0.5548	0.6821	0.3011	0.4984	0.8308	0.5982	0.74
TCGA-CA-6718-01A	0.9522	0.9339	0.8002	0.6019	0.5238	0.7002	0.5745	0.7959	0.7199	0.4176
TCGA-AZ-4308-01A	0.9146	0.9175	0.8552	0.4504	0.1397	0.4858	0.2804	0.7947	0.2839	0.5202
TCGA-AA-3662-01A	0.2466	0.482	0.3985	0.222	0.3629	0.2809	0.2034	0.4138	0.497	0.4607
TCGA-G4-6627-01A	0.8956	0.9165	0.7689	0.5591	0.4567	0.4808	0.4187	0.745	0.7639	0.4991
TCGA-AA-3862-01A										
TCGA-AA-3489-01A	0.7842	0.9033	0.8839	0.4932	0.3984	0.4243	0.3102	0.7943	0.8328	0.4779
TCGA-AA-3679-01A										
TCGA-CM-5868-01A	0.7179	0.9038	0.5818	0.3714	0.4612	0.3357	0.3012	0.509	0.8577	0.3306
TCGA-AA-3930-01A										
TCGA-AA-A024-01A										
TCGA-AA-3850-01A										
TCGA-D5-6924-01A	0.3147	0.388	0.4101	0.2579	0.3467	0.2684	0.2469	0.4866	0.7662	0.3415
TCGA-5M-AAT6-01A	0.6194	0.7909	0.7401	0.469	0.3776	0.3169	0.3928	0.7089	0.4754	0.4023
TCGA-AA-A03J-01A										
TCGA-A6-5656-01B	0.5425	0.7977	0.8747	0.4653	0.5954	0.2922	0.2909	0.7641	0.6698	0.6222
TCGA-AA-3548-01A										
TCGA-NH-A6GB-01A	0.6712	0.502	0.3087	0.2811	0.1595	0.2989	0.2485	0.4865	0.2366	0.3312
TCGA-AA-A00N-01A										
TCGA-CM-5341-01A	0.9261	0.9224	0.8877	0.4926	0.5258	0.3786	0.3202	0.8341	0.5382	0.4928
TCGA-DM-A280-01A	0.8212	0.7912	0.6704	0.4138	0.2491	0.4132	0.4164	0.7344	0.6027	0.528
TCGA-DM-A1HA-01A	0.3747	0.9293	0.8697	0.1563	0.5566	0.2373	0.09886	0.4263	0.4999	0.3712
TCGA-WS-AB45-01A	0.9324	0.9221	0.8066	0.6663	0.479	0.4597	0.3868	0.7305	0.8659	0.5899
TCGA-A6-6651-01A	0.7554	0.738	0.7961	0.4363	0.322	0.4067	0.372	0.6278	0.7032	0.5199
TCGA-A6-2684-01A	0.6643	0.8816	0.8671	0.4664	0.6516	0.286	0.4191	0.7998	0.5104	0.6868
TCGA-G4-6323-01A	0.6947	0.8142	0.601	0.2813	0.2676	0.3671	0.3126	0.5876	0.7288	0.4646
TCGA-A6-2672-01B	0.5938	0.7141	0.6001	0.3579	0.2599	0.4366	0.3934	0.7651	0.6311	0.3933
TCGA-AY-6196-01A	0.648	0.7893	0.7061	0.4028	0.4285	0.3906	0.494	0.7277	0.7092	0.4299
TCGA-AA-3972-01A										
TCGA-D5-6536-01A	0.5272	0.696	0.6147	0.3879	0.4889	0.6112	0.3245	0.5485	0.711	0.4366
TCGA-AD-A5EK-01A	0.9463	0.9493	0.9259	0.477	0.6276	0.4196	0.3106	0.8279	0.9188	0.5837
TCGA-AA-A00R-01A										
TCGA-AA-3517-01A										
TCGA-G4-6302-01A	0.8601	0.8936	0.7839	0.6039	0.4099	0.4892	0.5563	0.7582	0.8505	0.5173
TCGA-AZ-4684-01A	0.5195	0.6593	0.5275	0.2256	0.2954	0.2618	0.2875	0.55	0.3982	0.3593
TCGA-AD-6901-01A	0.8011	0.911	0.9189	0.3593	0.2873	0.5845	0.409	0.806	0.8917	0.7154
TCGA-AA-3844-01A										
TCGA-AA-3846-01A										
TCGA-D5-5537-01A	0.9103	0.8687	0.8633	0.5133	0.6061	0.4254	0.2453	0.755	0.4391	0.6008
TCGA-F4-6460-01A	0.8815	0.8789	0.8472	0.4773	0.4003	0.4018	0.3435	0.8495	0.8731	0.3097
TCGA-AA-A01X-01A										
TCGA-D5-5541-01A	0.7705	0.7274	0.6523	0.3026	0.6722	0.4052	0.2994	0.8	0.4123	0.3695
TCGA-CM-6167-01A	0.9237	0.7781	0.8672	0.4965	0.2231	0.5425	0.4121	0.808	0.8717	0.5835
TCGA-D5-5538-01A	0.3637	0.4236	0.4081	0.3405	0.2174	0.3039	0.255	0.4298	0.4671	0.3219
TCGA-AZ-5403-01A	0.5905	0.7939	0.7915	0.3979	0.5421	0.4294	0.3483	0.543	0.6461	0.4216
TCGA-AA-3980-01A										
TCGA-AA-A00O-01A										
TCGA-CM-6172-01A	0.8926	0.8791	0.7977	0.4299	0.754	0.5165	0.374	0.8439	0.8161	0.6509
TCGA-AA-3984-01A										
TCGA-A6-6140-01A	0.9371	0.9252	0.8948	0.4284	0.4954	0.6647	0.1744	0.4617	0.921	0.3409
TCGA-F4-6459-01A	0.7547	0.8627	0.6903	0.6857	0.6047	0.5507	0.5476	0.7878	0.8716	0.5499
TCGA-A6-2674-01A										
TCGA-AA-3692-01A										
TCGA-G4-6310-01A	0.7331	0.8447	0.8486	0.5674	0.5585	0.7034	0.5306	0.8159	0.8086	0.6331
TCGA-CM-5861-01A	0.6139	0.8472	0.8563	0.2902	0.481	0.7533	0.5559	0.8573	0.614	0.6112
TCGA-AA-3713-01A	0.6379	0.5605	0.3941	0.3091	0.4488	0.337	0.3189	0.5719	0.4024	0.4002
TCGA-A6-2677-01B	0.5117	0.661	0.7523	0.4404	0.3192	0.3904	0.4995	0.6515	0.7385	0.5116
TCGA-A6-6648-01A	0.6883	0.6457	0.6503	0.4006	0.4893	0.2966	0.4058	0.7836	0.8957	0.4718
TCGA-AD-6963-01A	0.9041	0.7732	0.7123	0.4221	0.4114	0.4396	0.3684	0.7629	0.6067	0.3759
TCGA-AA-3673-01A										
TCGA-DM-A1D7-01A	0.7517	0.9459	0.882	0.4759	0.5464	0.3217	0.2939	0.5935	0.9045	0.3666
TCGA-A6-A565-01A	0.7453	0.835	0.8531	0.5625	0.3619	0.4695	0.4151	0.7676	0.7521	0.482
TCGA-F4-6806-01A	0.6589	0.8042	0.7082	0.324	0.4106	0.4135	0.3727	0.8266	0.4324	0.4772
TCGA-CM-5862-01A	0.7599	0.7714	0.7318	0.3186	0.2057	0.3581	0.1391	0.5256	0.524	0.5439
TCGA-F4-6855-01A	0.8896	0.9121	0.8852	0.3145	0.4647	0.3371	0.2252	0.6669	0.9007	0.5934
TCGA-NH-A50U-01A	0.784	0.8544	0.6095	0.299	0.4642	0.1666	0.2075	0.296	0.482	0.3483
TCGA-AA-3697-01A	0.3337	0.6885	0.6833	0.3727	0.6267	0.2308	0.3036	0.7967	0.7374	0.2428
TCGA-AZ-6607-01A	0.8965	0.9347	0.7092	0.5159	0.4137	0.6412	0.5838	0.7821	0.7811	0.5601
TCGA-A6-6141-01A	0.6226	0.8431	0.775	0.5239	0.4547	0.3281	0.3133	0.8064	0.7227	0.4702
TCGA-A6-6142-01A	0.4584	0.517	0.4453	0.3763	0.1424	0.3658	0.3417	0.4365	0.3527	0.3482
TCGA-CM-6674-01A	0.7253	0.9273	0.7147	0.4594	0.469	0.4326	0.4019	0.801	0.609	0.4022
TCGA-F4-6461-01A	0.6453	0.9302	0.7064	0.4575	0.6636	0.3897	0.3393	0.8347	0.3882	0.3674
TCGA-G4-6315-01A	0.8104	0.7994	0.752	0.3953	0.4833	0.5012	0.3439	0.8697	0.536	0.5445
TCGA-AA-3655-01A	0.9121	0.9401	0.8713	0.536	0.3169	0.547	0.3721	0.8212	0.8882	0.5579
TCGA-CA-6719-01A	0.6113	0.6809	0.7698	0.2806	0.2016	0.3617	0.2546	0.7172	0.6092	0.4013
TCGA-F4-6570-01A	0.676	0.7754	0.4268	0.3753	0.534	0.4283	0.3307	0.7252	0.5697	0.4814
TCGA-DM-A28C-01A	0.9646	0.9427	0.6339	0.2625	0.4826	0.1608	0.2156	0.8539	0.8977	0.4904
TCGA-SS-A7HO-01A	0.1461	0.2396	0.1896	0.1769	0.06657	0.2699	0.1834	0.4901	0.4424	0.3661
TCGA-AA-3511-01A	0.7878	0.8225	0.7103	0.3163	0.3352	0.3573	0.2988	0.7009	0.648	0.4818
TCGA-AM-5820-01A	0.4038	0.7077	0.7034	0.2524	0.5003	0.2915	0.1924	0.5135	0.774	0.5537
TCGA-AA-3675-01A										
TCGA-AZ-6608-01A	0.9494	0.8331	0.8098	0.1623	0.4524	0.1809	0.3454	0.6838	0.7443	0.2156
TCGA-AZ-4682-01B	0.2166	0.4682	0.4427	0.2616	0.3555	0.1682	0.1756	0.8233	0.61	0.2569
TCGA-CM-6675-01A	0.5823	0.6269	0.2076	0.1856	0.2492	0.6078	0.3192	0.5538	0.3824	0.3869
TCGA-F4-6809-01A	0.9521	0.927	0.8653	0.6592	0.613	0.6762	0.5645	0.8147	0.673	0.4616
TCGA-AA-A02K-01A										
TCGA-A6-3810-01A	0.6729	0.8558	0.637	0.2993	0.4016	0.4507	0.484	0.6562	0.7862	0.5032
TCGA-DM-A28H-01A	0.9539	0.9398	0.6038	0.2647	0.2533	0.2597	0.2404	0.8104	0.4867	0.5321
TCGA-CA-6715-01A	0.6541	0.9368	0.5861	0.5274	0.0635	0.1727	0.1902	0.5377	0.4733	0.5172
TCGA-AZ-6603-01A	0.8674	0.7851	0.7433	0.2752	0.4804	0.3196	0.2529	0.6836	0.6377	0.3683
TCGA-QG-A5Z1-01A	0.8942	0.91	0.8401	0.3693	0.5683	0.4156	0.2676	0.7956	0.6666	0.5641
TCGA-DM-A0XF-01A	0.78	0.6628	0.826	0.451	0.414	0.3658	0.4346	0.6996	0.6043	0.4556
TCGA-D5-6923-01A	0.9373	0.9075	0.8723	0.6854	0.6506	0.5084	0.4893	0.7678	0.7775	0.3404
TCGA-G4-6307-01A	0.7209	0.8146	0.8272	0.217	0.3462	0.4649	0.4637	0.8072	0.8766	0.4572
TCGA-DM-A1DB-01A	0.9496	0.9614	0.9045	0.4071	0.8402	0.8421	0.5561	0.8741	0.9425	0.4071
TCGA-AA-A022-01A										
TCGA-NH-A6GC-01A	0.5466	0.883	0.8844	0.2773	0.1184	0.1574	0.398	0.4747	0.4296	0.581
TCGA-AD-6895-01A	0.7631	0.9189	0.6987	0.6741	0.4974	0.5417	0.3576	0.8056	0.6681	0.6253
TCGA-A6-5659-01B	0.8607	0.8674	0.7901	0.2114	0.8007	0.3716	0.2127	0.8152	0.6608	0.4922
TCGA-A6-5662-01A	0.9469	0.7074	0.837	0.4566	0.585	0.5054	0.5491	0.6399	0.5372	0.5329
TCGA-AA-A02R-01A										
TCGA-A6-2671-01A	0.4857	0.9172	0.7924	0.4187	0.5056	0.7508	0.4614	0.8114	0.8519	0.5274
TCGA-AA-3841-01A										
TCGA-AA-3975-01A										
TCGA-A6-2679-01A	0.6574	0.8405	0.8649	0.3165	0.5967	0.2836	0.3804	0.7674	0.8518	0.6028
TCGA-D5-6930-01A	0.8492	0.9368	0.8775	0.609	0.4082	0.6364	0.4066	0.785	0.877	0.6404
TCGA-A6-2674-01B										
TCGA-AA-3833-01A										
TCGA-AA-3667-01A										
TCGA-DM-A1D6-01A	0.9132	0.8486	0.8979	0.3156	0.6319	0.504	0.3881	0.8397	0.8012	0.2759
TCGA-AA-A00D-01A										
TCGA-CM-4747-01A	0.9297	0.9208	0.8886	0.3381	0.5169	0.5004	0.473	0.5946	0.8836	0.5855
TCGA-AA-A004-01A										
TCGA-CK-6748-01A	0.2937	0.5917	0.8924	0.3008	0.5951	0.3166	0.5769	0.8804	0.9308	0.819
TCGA-AA-3973-01A										
TCGA-A6-5657-01A	0.8629	0.8492	0.8604	0.5247	0.4423	0.5242	0.4035	0.8101	0.4961	0.5097
TCGA-AA-3688-01A										
TCGA-AA-3544-01A										
TCGA-AZ-4614-01A	0.3792	0.46	0.5916	0.2758	0.4403	0.3635	0.2754	0.458	0.8466	0.4333
TCGA-AA-A01Q-01A										
TCGA-CM-4746-01A	0.3301	0.6589	0.4986	0.2512	0.3653	0.2107	0.2275	0.6966	0.17	0.2288
TCGA-A6-6781-01B	0.9101	0.9129	0.8847	0.7402	0.2236	0.6614	0.5117	0.748	0.8631	0.6113
TCGA-AA-3502-01A	0.4165	0.583	0.4232	0.2302	0.3035	0.2253	0.1369	0.3647	0.5776	0.3579
TCGA-A6-6138-01A	0.9261	0.9207	0.827	0.3736	0.3507	0.4723	0.2072	0.7926	0.6732	0.3883
TCGA-AA-3510-01A	0.9571	0.9183	0.8863	0.4778	0.1624	0.2532	0.325	0.8102	0.8868	0.4865
TCGA-AA-3678-01A										
TCGA-D5-6922-01A	0.5679	0.5904	0.648	0.2464	0.2944	0.2522	0.2404	0.6929	0.5372	0.2781
TCGA-AA-3970-01A										
TCGA-AA-A00W-01A										
TCGA-DM-A28M-01A	0.9101	0.8902	0.8887	0.2622	0.5572	0.2734	0.2162	0.6152	0.8717	0.6775
TCGA-A6-A5ZU-01A	0.3233	0.3719	0.6588	0.2632	0.3085	0.3321	0.2011	0.4167	0.8426	0.503
TCGA-AA-3977-01A										
TCGA-AA-3939-01A										
TCGA-AA-3521-01A										
TCGA-G4-6303-01A	0.8872	0.9081	0.7689	0.4401	0.5216	0.4323	0.2965	0.813	0.5912	0.254
TCGA-AA-3994-01A										
TCGA-CM-4743-01A	0.9322	0.943	0.8373	0.5507	0.4479	0.4909	0.5056	0.7029	0.7992	0.5885
TCGA-AA-3522-01A										
TCGA-AA-3866-01A										
TCGA-AY-A8YK-01A	0.8002	0.7896	0.8618	0.2461	0.5074	0.2617	0.3299	0.4527	0.682	0.3616
TCGA-AA-3496-01A	0.5323	0.5894	0.297	0.2274	0.1365	0.2655	0.2945	0.7959	0.4533	0.3151
TCGA-5M-AATE-01A	0.8876	0.9248	0.8529	0.2083	0.5423	0.2692	0.5386	0.7654	0.8637	0.6246
TCGA-AA-A01Z-01A										
TCGA-AZ-4315-01A	0.9216	0.9147	0.9047	0.3226	0.2143	0.6995	0.3727	0.7909	0.8158	0.308
TCGA-G4-6311-01A	0.5431	0.7625	0.5722	0.3989	0.5183	0.3694	0.4371	0.6727	0.5148	0.5054
TCGA-A6-6781-01A	0.7363	0.7671	0.6801	0.6737	0.5374	0.5068	0.3301	0.7698	0.8709	0.5317
TCGA-D5-6533-01A	0.7081	0.7116	0.5943	0.2688	0.6142	0.406	0.3339	0.7015	0.885	0.5401
TCGA-A6-A567-01A	0.3131	0.373	0.5443	0.2704	0.2555	0.2547	0.2391	0.357	0.4129	0.2857
TCGA-AA-A029-01A										
TCGA-CM-6677-01A	0.7064	0.8575	0.6789	0.3322	0.5588	0.2917	0.26	0.6633	0.6584	0.4993
TCGA-AA-A02F-01A										
TCGA-AA-3494-01A	0.9184	0.8354	0.8474	0.1841	0.545	0.3422	0.5194	0.7033	0.6148	0.2031
TCGA-A6-5666-01A	0.435	0.6216	0.4726	0.3161	0.3528	0.2491	0.18	0.692	0.4168	0.3032
TCGA-AZ-6599-01A	0.2602	0.525	0.1439	0.1636	0.1837	0.2483	0.1652	0.2951	0.1427	0.2281
TCGA-CK-5912-01A	0.507	0.8293	0.5459	0.263	0.3264	0.158	0.1685	0.7389	0.4597	0.2059
TCGA-CM-6679-01A	0.8957	0.8208	0.8438	0.4055	0.4718	0.3453	0.4412	0.7479	0.8279	0.4336
TCGA-DM-A0XD-01A	0.5554	0.7531	0.5605	0.3395	0.5161	0.455	0.2995	0.5963	0.2996	0.3741
TCGA-A6-3807-01A										
TCGA-G4-6294-01A	0.64	0.9467	0.851	0.5909	0.8257	0.1944	0.2373	0.8738	0.6235	0.8053
TCGA-CA-5796-01A	0.7031	0.7886	0.8265	0.2847	0.5494	0.3376	0.2404	0.5848	0.3883	0.5902
TCGA-CM-5864-01A	0.1915	0.5879	0.4931	0.1556	0.3473	0.1632	0.3531	0.5046	0.6176	0.5639
TCGA-CA-6716-01A	0.9455	0.9301	0.8974	0.2812	0.714	0.4152	0.3445	0.8482	0.6582	0.6294
TCGA-D5-6926-01A	0.8357	0.9166	0.8574	0.4643	0.4963	0.4477	0.2751	0.784	0.6246	0.4111
TCGA-AZ-5407-01A	0.444	0.6015	0.6404	0.3551	0.3762	0.2747	0.3212	0.8337	0.8128	0.4338
TCGA-CA-5797-01A	0.25	0.3293	0.3497	0.234	0.1483	0.2264	0.2569	0.3988	0.3901	0.2598
TCGA-AA-A00L-01A										
TCGA-AM-5821-01A	0.362	0.4638	0.5175	0.3221	0.2418	0.3302	0.292	0.4234	0.372	0.3632
TCGA-AA-A017-01A										
TCGA-D5-6530-01A	0.6632	0.9387	0.9104	0.3976	0.4063	0.4939	0.2859	0.6036	0.8648	0.5191
TCGA-CM-6165-01A	0.9306	0.9082	0.8834	0.3663	0.4664	0.4838	0.2647	0.8507	0.5581	0.5216
TCGA-AA-3979-01A										
TCGA-QL-A97D-01A	0.8342	0.9173	0.8594	0.5191	0.5162	0.2981	0.2172	0.7843	0.8516	0.4362
TCGA-G4-6297-01A	0.5568	0.7088	0.5323	0.4783	0.3387	0.3269	0.2932	0.5059	0.3696	0.4891
TCGA-AA-3864-01A										
TCGA-CK-6746-01A	0.1744	0.2881	0.5789	0.1988	0.1609	0.1917	0.2001	0.3701	0.2669	0.2507
TCGA-DM-A28E-01A	0.9605	0.947	0.8503	0.4119	0.5356	0.5227	0.3121	0.8419	0.8401	0.5796
TCGA-A6-5656-01A	0.5711	0.5477	0.8339	0.3073	0.5545	0.2174	0.2256	0.7258	0.6538	0.5622
TCGA-A6-6652-01A	0.7276	0.9192	0.8387	0.2652	0.4733	0.2356	0.1946	0.8336	0.8328	0.4395
TCGA-AA-3693-01A										
TCGA-A6-2677-01A	0.5304	0.6246	0.6755	0.3054	0.3466	0.3512	0.4909	0.6248	0.8733	0.328
TCGA-CM-6164-01A	0.7039	0.8013	0.7677	0.466	0.3339	0.4238	0.4046	0.6092	0.5458	0.4604
TCGA-D5-5540-01A	0.9097	0.9348	0.7714	0.5626	0.3611	0.7384	0.8309	0.7869	0.8393	0.595
TCGA-CM-6166-01A	0.5619	0.7212	0.5898	0.3724	0.47	0.2622	0.2701	0.8086	0.56	0.4729
TCGA-G4-6298-01A	0.9416	0.907	0.84	0.459	0.5381	0.547	0.2928	0.7837	0.4118	0.3034
TCGA-4N-A93T-01A	0.9405	0.9326	0.8779	0.6127	0.2141	0.1752	0.1582	0.8201	0.3976	0.4763
TCGA-RU-A8FL-01A	0.9339	0.8348	0.8322	0.333	0.4838	0.2719	0.2038	0.6702	0.7483	0.4518
TCGA-D5-6532-01A	0.9535	0.6691	0.2356	0.1836	0.5259	0.3795	0.4085	0.803	0.6522	0.2513
TCGA-D5-6898-01A	0.3977	0.5452	0.7385	0.2814	0.3864	0.2198	0.2654	0.5314	0.4576	0.3025
TCGA-DM-A1D0-01A	0.913	0.905	0.8668	0.3112	0.5657	0.3234	0.4715	0.8092	0.8807	0.7443
TCGA-CM-6676-01A	0.7715	0.7689	0.7483	0.3864	0.4633	0.3821	0.3156	0.5397	0.8562	0.4613
TCGA-AA-A01F-01A										
TCGA-NH-A8F7-01A	0.8545	0.9357	0.8956	0.3022	0.6652	0.4055	0.4022	0.7884	0.4756	0.3207
TCGA-A6-A56B-01A	0.961	0.9105	0.9074	0.4857	0.1244	0.5572	0.3382	0.7992	0.9174	0.4374
TCGA-CK-6751-01A	0.5743	0.8921	0.8512	0.4502	0.3505	0.3009	0.2844	0.8353	0.3586	0.332
TCGA-A6-3809-01B	0.8708	0.8187	0.7121	0.4072	0.3212	0.435	0.3574	0.6687	0.7267	0.6614
TCGA-AA-3495-01A	0.9025	0.8188	0.646	0.3295	0.1557	0.4548	0.3366	0.7416	0.8053	0.4927
TCGA-DM-A288-01A	0.5818	0.755	0.4699	0.3702	0.4245	0.4144	0.262	0.8773	0.5736	0.5073
TCGA-AA-A00Q-01A										
TCGA-AA-A01P-01A										
TCGA-AA-A02H-01A										
TCGA-AZ-4681-01A	0.6335	0.7117	0.6194	0.2339	0.3882	0.1425	0.1346	0.363	0.7747	0.4015
TCGA-A6-2670-01A										
TCGA-AA-3558-01A										
TCGA-AA-3695-01A										
TCGA-AA-3967-01A										
TCGA-NH-A50V-01B										